"","Anio","Mes","Anom_Mensual","Anom_Anual","Fecha"
"1",1850,1,-0.79,-0.475,1850-01-01
"2",1850,2,-0.236,-0.475,1850-02-01
"3",1850,3,-0.396,-0.475,1850-03-01
"4",1850,4,-0.629,-0.475,1850-04-01
"5",1850,5,-0.662,-0.475,1850-05-01
"6",1850,6,-0.387,-0.475,1850-06-01
"7",1850,7,-0.209,-0.426,1850-07-01
"8",1850,8,-0.193,-0.442,1850-08-01
"9",1850,9,-0.452,-0.458,1850-09-01
"10",1850,10,-0.621,-0.461,1850-10-01
"11",1850,11,-0.604,-0.436,1850-11-01
"12",1850,12,-0.521,-0.429,1850-12-01
"13",1851,1,-0.196,-0.432,1851-01-01
"14",1851,2,-0.436,-0.444,1851-02-01
"15",1851,3,-0.588,-0.441,1851-03-01
"16",1851,4,-0.661,-0.404,1851-04-01
"17",1851,5,-0.368,-0.388,1851-05-01
"18",1851,6,-0.293,-0.359,1851-06-01
"19",1851,7,-0.247,-0.365,1851-07-01
"20",1851,8,-0.336,-0.373,1851-08-01
"21",1851,9,-0.422,-0.39,1851-09-01
"22",1851,10,-0.174,-0.382,1851-10-01
"23",1851,11,-0.413,-0.367,1851-11-01
"24",1851,12,-0.179,-0.355,1851-12-01
"25",1852,1,-0.267,-0.341,1852-01-01
"26",1852,2,-0.532,-0.345,1852-02-01
"27",1852,3,-0.787,-0.337,1852-03-01
"28",1852,4,-0.561,-0.339,1852-04-01
"29",1852,5,-0.189,-0.352,1852-05-01
"30",1852,6,-0.153,-0.333,1852-06-01
"31",1852,7,-0.076,-0.343,1852-07-01
"32",1852,8,-0.384,-0.329,1852-08-01
"33",1852,9,-0.333,-0.299,1852-09-01
"34",1852,10,-0.194,-0.278,1852-10-01
"35",1852,11,-0.57,-0.287,1852-11-01
"36",1852,12,0.047,-0.292,1852-12-01
"37",1853,1,-0.38,-0.286,1853-01-01
"38",1853,2,-0.37,-0.261,1853-02-01
"39",1853,3,-0.427,-0.269,1853-03-01
"40",1853,4,-0.303,-0.295,1853-04-01
"41",1853,5,-0.303,-0.304,1853-05-01
"42",1853,6,-0.213,-0.339,1853-06-01
"43",1853,7,-0.004,-0.356,1853-07-01
"44",1853,8,-0.088,-0.377,1853-08-01
"45",1853,9,-0.43,-0.366,1853-09-01
"46",1853,10,-0.502,-0.377,1853-10-01
"47",1853,11,-0.682,-0.379,1853-11-01
"48",1853,12,-0.362,-0.403,1853-12-01
"49",1854,1,-0.587,-0.421,1854-01-01
"50",1854,2,-0.62,-0.432,1854-02-01
"51",1854,3,-0.303,-0.42,1854-03-01
"52",1854,4,-0.432,-0.371,1854-04-01
"53",1854,5,-0.321,-0.336,1854-05-01
"54",1854,6,-0.51,-0.325,1854-06-01
"55",1854,7,-0.217,-0.282,1854-07-01
"56",1854,8,-0.225,-0.243,1854-08-01
"57",1854,9,-0.281,-0.242,1854-09-01
"58",1854,10,0.089,-0.216,1854-10-01
"59",1854,11,-0.26,-0.211,1854-11-01
"60",1854,12,-0.233,-0.2,1854-12-01
"61",1855,1,-0.071,-0.217,1855-01-01
"62",1855,2,-0.151,-0.222,1855-02-01
"63",1855,3,-0.296,-0.241,1855-03-01
"64",1855,4,-0.116,-0.277,1855-04-01
"65",1855,5,-0.264,-0.29,1855-05-01
"66",1855,6,-0.381,-0.32,1855-06-01
"67",1855,7,-0.417,-0.315,1855-07-01
"68",1855,8,-0.286,-0.338,1855-08-01
"69",1855,9,-0.51,-0.35,1855-09-01
"70",1855,10,-0.339,-0.377,1855-10-01
"71",1855,11,-0.418,-0.386,1855-11-01
"72",1855,12,-0.586,-0.369,1855-12-01
"73",1856,1,-0.014,-0.358,1856-01-01
"74",1856,2,-0.43,-0.381,1856-02-01
"75",1856,3,-0.443,-0.401,1856-03-01
"76",1856,4,-0.439,-0.431,1856-04-01
"77",1856,5,-0.375,-0.447,1856-05-01
"78",1856,6,-0.169,-0.437,1856-06-01
"79",1856,7,-0.291,-0.483,1856-07-01
"80",1856,8,-0.558,-0.495,1856-08-01
"81",1856,9,-0.748,-0.514,1856-09-01
"82",1856,10,-0.703,-0.548,1856-10-01
"83",1856,11,-0.605,-0.583,1856-11-01
"84",1856,12,-0.472,-0.618,1856-12-01
"85",1857,1,-0.56,-0.639,1857-01-01
"86",1857,2,-0.583,-0.634,1857-02-01
"87",1857,3,-0.66,-0.614,1857-03-01
"88",1857,4,-0.851,-0.602,1857-04-01
"89",1857,5,-0.791,-0.596,1857-05-01
"90",1857,6,-0.599,-0.578,1857-06-01
"91",1857,7,-0.541,-0.553,1857-07-01
"92",1857,8,-0.493,-0.548,1857-08-01
"93",1857,9,-0.512,-0.522,1857-09-01
"94",1857,10,-0.556,-0.477,1857-10-01
"95",1857,11,-0.529,-0.448,1857-11-01
"96",1857,12,-0.263,-0.423,1857-12-01
"97",1858,1,-0.256,-0.408,1858-01-01
"98",1858,2,-0.53,-0.397,1858-02-01
"99",1858,3,-0.34,-0.397,1858-03-01
"100",1858,4,-0.31,-0.376,1858-04-01
"101",1858,5,-0.445,-0.349,1858-05-01
"102",1858,6,-0.301,-0.372,1858-06-01
"103",1858,7,-0.358,-0.383,1858-07-01
"104",1858,8,-0.359,-0.367,1858-08-01
"105",1858,9,-0.515,-0.361,1858-09-01
"106",1858,10,-0.306,-0.337,1858-10-01
"107",1858,11,-0.209,-0.301,1858-11-01
"108",1858,12,-0.529,-0.289,1858-12-01
"109",1859,1,-0.395,-0.289,1859-01-01
"110",1859,2,-0.334,-0.291,1859-02-01
"111",1859,3,-0.269,-0.295,1859-03-01
"112",1859,4,-0.019,-0.291,1859-04-01
"113",1859,5,-0.02,-0.292,1859-05-01
"114",1859,6,-0.154,-0.258,1859-06-01
"115",1859,7,-0.354,-0.256,1859-07-01
"116",1859,8,-0.391,-0.257,1859-08-01
"117",1859,9,-0.554,-0.294,1859-09-01
"118",1859,10,-0.266,-0.318,1859-10-01
"119",1859,11,-0.217,-0.337,1859-11-01
"120",1859,12,-0.127,-0.344,1859-12-01
"121",1860,1,-0.368,-0.34,1860-01-01
"122",1860,2,-0.346,-0.328,1860-02-01
"123",1860,3,-0.713,-0.309,1860-03-01
"124",1860,4,-0.303,-0.319,1860-04-01
"125",1860,5,-0.248,-0.347,1860-05-01
"126",1860,6,-0.241,-0.411,1860-06-01
"127",1860,7,-0.307,-0.468,1860-07-01
"128",1860,8,-0.25,-0.497,1860-08-01
"129",1860,9,-0.326,-0.488,1860-09-01
"130",1860,10,-0.376,-0.501,1860-10-01
"131",1860,11,-0.561,-0.52,1860-11-01
"132",1860,12,-0.896,-0.534,1860-12-01
"133",1861,1,-1.042,-0.538,1861-01-01
"134",1861,2,-0.696,-0.538,1861-02-01
"135",1861,3,-0.61,-0.547,1861-03-01
"136",1861,4,-0.457,-0.557,1861-04-01
"137",1861,5,-0.479,-0.532,1861-05-01
"138",1861,6,-0.403,-0.49,1861-06-01
"139",1861,7,-0.364,-0.484,1861-07-01
"140",1861,8,-0.241,-0.493,1861-08-01
"141",1861,9,-0.442,-0.49,1861-09-01
"142",1861,10,-0.499,-0.502,1861-10-01
"143",1861,11,-0.251,-0.49,1861-11-01
"144",1861,12,-0.398,-0.487,1861-12-01
"145",1862,1,-0.964,-0.49,1862-01-01
"146",1862,2,-0.809,-0.516,1862-02-01
"147",1862,3,-0.578,-0.528,1862-03-01
"148",1862,4,-0.6,-0.528,1862-04-01
"149",1862,5,-0.332,-0.556,1862-05-01
"150",1862,6,-0.368,-0.6,1862-06-01
"151",1862,7,-0.396,-0.534,1862-07-01
"152",1862,8,-0.55,-0.479,1862-08-01
"153",1862,9,-0.589,-0.462,1862-09-01
"154",1862,10,-0.497,-0.436,1862-10-01
"155",1862,11,-0.597,-0.43,1862-11-01
"156",1862,12,-0.923,-0.432,1862-12-01
"157",1863,1,-0.17,-0.435,1863-01-01
"158",1863,2,-0.144,-0.425,1863-02-01
"159",1863,3,-0.374,-0.421,1863-03-01
"160",1863,4,-0.292,-0.42,1863-04-01
"161",1863,5,-0.263,-0.403,1863-05-01
"162",1863,6,-0.395,-0.352,1863-06-01
"163",1863,7,-0.421,-0.38,1863-07-01
"164",1863,8,-0.431,-0.404,1863-08-01
"165",1863,9,-0.542,-0.411,1863-09-01
"166",1863,10,-0.483,-0.423,1863-10-01
"167",1863,11,-0.4,-0.416,1863-11-01
"168",1863,12,-0.312,-0.395,1863-12-01
"169",1864,1,-0.509,-0.382,1864-01-01
"170",1864,2,-0.425,-0.38,1864-02-01
"171",1864,3,-0.457,-0.379,1864-03-01
"172",1864,4,-0.437,-0.37,1864-04-01
"173",1864,5,-0.178,-0.37,1864-05-01
"174",1864,6,-0.148,-0.384,1864-06-01
"175",1864,7,-0.265,-0.336,1864-07-01
"176",1864,8,-0.406,-0.329,1864-08-01
"177",1864,9,-0.533,-0.329,1864-09-01
"178",1864,10,-0.365,-0.328,1864-10-01
"179",1864,11,-0.408,-0.339,1864-11-01
"180",1864,12,-0.471,-0.353,1864-12-01
"181",1865,1,0.06,-0.353,1865-01-01
"182",1865,2,-0.336,-0.341,1865-02-01
"183",1865,3,-0.459,-0.319,1865-03-01
"184",1865,4,-0.421,-0.307,1865-04-01
"185",1865,5,-0.311,-0.289,1865-05-01
"186",1865,6,-0.321,-0.29,1865-06-01
"187",1865,7,-0.269,-0.294,1865-07-01
"188",1865,8,-0.263,-0.299,1865-08-01
"189",1865,9,-0.261,-0.301,1865-09-01
"190",1865,10,-0.228,-0.312,1865-10-01
"191",1865,11,-0.185,-0.318,1865-11-01
"192",1865,12,-0.49,-0.317,1865-12-01
"193",1866,1,0.014,-0.293,1866-01-01
"194",1866,2,-0.39,-0.295,1866-02-01
"195",1866,3,-0.491,-0.302,1866-03-01
"196",1866,4,-0.545,-0.305,1866-04-01
"197",1866,5,-0.385,-0.296,1866-05-01
"198",1866,6,-0.312,-0.249,1866-06-01
"199",1866,7,0.023,-0.264,1866-07-01
"200",1866,8,-0.286,-0.262,1866-08-01
"201",1866,9,-0.346,-0.249,1866-09-01
"202",1866,10,-0.271,-0.218,1866-10-01
"203",1866,11,-0.071,-0.222,1866-11-01
"204",1866,12,0.075,-0.217,1866-12-01
"205",1867,1,-0.172,-0.24,1867-01-01
"206",1867,2,-0.364,-0.244,1867-02-01
"207",1867,3,-0.331,-0.23,1867-03-01
"208",1867,4,-0.177,-0.208,1867-04-01
"209",1867,5,-0.425,-0.183,1867-05-01
"210",1867,6,-0.257,-0.204,1867-06-01
"211",1867,7,-0.26,-0.233,1867-07-01
"212",1867,8,-0.33,-0.26,1867-08-01
"213",1867,9,-0.178,-0.261,1867-09-01
"214",1867,10,-0.004,-0.259,1867-10-01
"215",1867,11,0.228,-0.234,1867-11-01
"216",1867,12,-0.181,-0.226,1867-12-01
"217",1868,1,-0.522,-0.204,1868-01-01
"218",1868,2,-0.683,-0.184,1868-02-01
"219",1868,3,-0.35,-0.193,1868-03-01
"220",1868,4,-0.15,-0.195,1868-04-01
"221",1868,5,-0.119,-0.242,1868-05-01
"222",1868,6,-0.165,-0.24,1868-06-01
"223",1868,7,0.008,-0.215,1868-07-01
"224",1868,8,-0.098,-0.157,1868-08-01
"225",1868,9,-0.284,-0.166,1868-09-01
"226",1868,10,-0.019,-0.179,1868-10-01
"227",1868,11,-0.343,-0.187,1868-11-01
"228",1868,12,-0.154,-0.192,1868-12-01
"229",1869,1,-0.225,-0.215,1869-01-01
"230",1869,2,0.019,-0.225,1869-02-01
"231",1869,3,-0.46,-0.21,1869-03-01
"232",1869,4,-0.313,-0.227,1869-04-01
"233",1869,5,-0.213,-0.217,1869-05-01
"234",1869,6,-0.217,-0.239,1869-06-01
"235",1869,7,-0.272,-0.246,1869-07-01
"236",1869,8,-0.215,-0.29,1869-08-01
"237",1869,9,-0.103,-0.281,1869-09-01
"238",1869,10,-0.233,-0.28,1869-10-01
"239",1869,11,-0.212,-0.28,1869-11-01
"240",1869,12,-0.424,-0.272,1869-12-01
"241",1870,1,-0.314,-0.26,1870-01-01
"242",1870,2,-0.5,-0.269,1870-02-01
"243",1870,3,-0.362,-0.278,1870-03-01
"244",1870,4,-0.294,-0.287,1870-04-01
"245",1870,5,-0.219,-0.298,1870-05-01
"246",1870,6,-0.122,-0.311,1870-06-01
"247",1870,7,-0.128,-0.331,1870-07-01
"248",1870,8,-0.312,-0.341,1870-08-01
"249",1870,9,-0.217,-0.334,1870-09-01
"250",1870,10,-0.337,-0.317,1870-10-01
"251",1870,11,-0.342,-0.324,1870-11-01
"252",1870,12,-0.584,-0.335,1870-12-01
"253",1871,1,-0.553,-0.34,1871-01-01
"254",1871,2,-0.623,-0.333,1871-02-01
"255",1871,3,-0.281,-0.349,1871-03-01
"256",1871,4,-0.082,-0.344,1871-04-01
"257",1871,5,-0.304,-0.362,1871-05-01
"258",1871,6,-0.253,-0.347,1871-06-01
"259",1871,7,-0.192,-0.339,1871-07-01
"260",1871,8,-0.224,-0.323,1871-08-01
"261",1871,9,-0.418,-0.331,1871-09-01
"262",1871,10,-0.27,-0.356,1871-10-01
"263",1871,11,-0.559,-0.348,1871-11-01
"264",1871,12,-0.4,-0.352,1871-12-01
"265",1872,1,-0.463,-0.349,1872-01-01
"266",1872,2,-0.426,-0.337,1872-02-01
"267",1872,3,-0.378,-0.32,1872-03-01
"268",1872,4,-0.386,-0.316,1872-04-01
"269",1872,5,-0.211,-0.306,1872-05-01
"270",1872,6,-0.299,-0.314,1872-06-01
"271",1872,7,-0.155,-0.302,1872-07-01
"272",1872,8,-0.075,-0.274,1872-08-01
"273",1872,9,-0.217,-0.267,1872-09-01
"274",1872,10,-0.222,-0.275,1872-10-01
"275",1872,11,-0.44,-0.282,1872-11-01
"276",1872,12,-0.498,-0.277,1872-12-01
"277",1873,1,-0.317,-0.281,1873-01-01
"278",1873,2,-0.096,-0.29,1873-02-01
"279",1873,3,-0.289,-0.305,1873-03-01
"280",1873,4,-0.482,-0.308,1873-04-01
"281",1873,5,-0.295,-0.3,1873-05-01
"282",1873,6,-0.238,-0.278,1873-06-01
"283",1873,7,-0.209,-0.27,1873-07-01
"284",1873,8,-0.177,-0.286,1873-08-01
"285",1873,9,-0.395,-0.316,1873-09-01
"286",1873,10,-0.256,-0.307,1873-10-01
"287",1873,11,-0.352,-0.302,1873-11-01
"288",1873,12,-0.233,-0.312,1873-12-01
"289",1874,1,-0.221,-0.32,1874-01-01
"290",1874,2,-0.282,-0.322,1874-02-01
"291",1874,3,-0.65,-0.305,1874-03-01
"292",1874,4,-0.378,-0.312,1874-04-01
"293",1874,5,-0.238,-0.319,1874-05-01
"294",1874,6,-0.352,-0.326,1874-06-01
"295",1874,7,-0.3,-0.347,1874-07-01
"296",1874,8,-0.207,-0.355,1874-08-01
"297",1874,9,-0.195,-0.339,1874-09-01
"298",1874,10,-0.337,-0.34,1874-10-01
"299",1874,11,-0.436,-0.345,1874-11-01
"300",1874,12,-0.315,-0.341,1874-12-01
"301",1875,1,-0.468,-0.336,1875-01-01
"302",1875,2,-0.378,-0.342,1875-02-01
"303",1875,3,-0.466,-0.35,1875-03-01
"304",1875,4,-0.392,-0.339,1875-04-01
"305",1875,5,-0.292,-0.348,1875-05-01
"306",1875,6,-0.302,-0.36,1875-06-01
"307",1875,7,-0.247,-0.353,1875-07-01
"308",1875,8,-0.278,-0.345,1875-08-01
"309",1875,9,-0.294,-0.332,1875-09-01
"310",1875,10,-0.199,-0.322,1875-10-01
"311",1875,11,-0.548,-0.342,1875-11-01
"312",1875,12,-0.462,-0.346,1875-12-01
"313",1876,1,-0.382,-0.341,1876-01-01
"314",1876,2,-0.281,-0.346,1876-02-01
"315",1876,3,-0.302,-0.353,1876-03-01
"316",1876,4,-0.28,-0.36,1876-04-01
"317",1876,5,-0.532,-0.356,1876-05-01
"318",1876,6,-0.346,-0.365,1876-06-01
"319",1876,7,-0.193,-0.349,1876-07-01
"320",1876,8,-0.332,-0.334,1876-08-01
"321",1876,9,-0.384,-0.305,1876-09-01
"322",1876,10,-0.28,-0.293,1876-10-01
"323",1876,11,-0.492,-0.254,1876-11-01
"324",1876,12,-0.577,-0.232,1876-12-01
"325",1877,1,-0.19,-0.207,1877-01-01
"326",1877,2,-0.095,-0.162,1877-02-01
"327",1877,3,0.041,-0.118,1877-03-01
"328",1877,4,-0.134,-0.079,1877-04-01
"329",1877,5,-0.066,-0.021,1877-05-01
"330",1877,6,-0.08,0.021,1877-06-01
"331",1877,7,0.106,0.036,1877-07-01
"332",1877,8,0.207,0.079,1877-08-01
"333",1877,9,0.145,0.123,1877-09-01
"334",1877,10,0.181,0.158,1877-10-01
"335",1877,11,0.211,0.158,1877-11-01
"336",1877,12,-0.074,0.172,1877-12-01
"337",1878,1,-0.005,0.171,1878-01-01
"338",1878,2,0.416,0.158,1878-02-01
"339",1878,3,0.567,0.143,1878-03-01
"340",1878,4,0.292,0.122,1878-04-01
"341",1878,5,-0.067,0.107,1878-05-01
"342",1878,6,0.087,0.104,1878-06-01
"343",1878,7,0.086,0.093,1878-07-01
"344",1878,8,0.06,0.039,1878-08-01
"345",1878,9,-0.04,-0.013,1878-09-01
"346",1878,10,-0.072,-0.062,1878-10-01
"347",1878,11,0.038,-0.077,1878-11-01
"348",1878,12,-0.119,-0.102,1878-12-01
"349",1879,1,-0.13,-0.129,1879-01-01
"350",1879,2,-0.235,-0.155,1879-02-01
"351",1879,3,-0.06,-0.177,1879-03-01
"352",1879,4,-0.297,-0.178,1879-04-01
"353",1879,5,-0.247,-0.206,1879-05-01
"354",1879,6,-0.205,-0.239,1879-06-01
"355",1879,7,-0.238,-0.259,1879-07-01
"356",1879,8,-0.256,-0.283,1879-08-01
"357",1879,9,-0.308,-0.303,1879-09-01
"358",1879,10,-0.081,-0.308,1879-10-01
"359",1879,11,-0.297,-0.309,1879-11-01
"360",1879,12,-0.514,-0.319,1879-12-01
"361",1880,1,-0.373,-0.323,1880-01-01
"362",1880,2,-0.52,-0.322,1880-02-01
"363",1880,3,-0.303,-0.329,1880-03-01
"364",1880,4,-0.355,-0.35,1880-04-01
"365",1880,5,-0.254,-0.341,1880-05-01
"366",1880,6,-0.327,-0.318,1880-06-01
"367",1880,7,-0.288,-0.296,1880-07-01
"368",1880,8,-0.241,-0.269,1880-08-01
"369",1880,9,-0.39,-0.251,1880-09-01
"370",1880,10,-0.331,-0.224,1880-10-01
"371",1880,11,-0.199,-0.212,1880-11-01
"372",1880,12,-0.229,-0.216,1880-12-01
"373",1881,1,-0.109,-0.206,1881-01-01
"374",1881,2,-0.199,-0.2,1881-02-01
"375",1881,3,-0.087,-0.193,1881-03-01
"376",1881,4,-0.034,-0.187,1881-04-01
"377",1881,5,-0.113,-0.204,1881-05-01
"378",1881,6,-0.368,-0.203,1881-06-01
"379",1881,7,-0.167,-0.185,1881-07-01
"380",1881,8,-0.169,-0.168,1881-08-01
"381",1881,9,-0.306,-0.171,1881-09-01
"382",1881,10,-0.262,-0.193,1881-10-01
"383",1881,11,-0.403,-0.206,1881-11-01
"384",1881,12,-0.215,-0.204,1881-12-01
"385",1882,1,0.102,-0.22,1882-01-01
"386",1882,2,0.009,-0.226,1882-02-01
"387",1882,3,-0.126,-0.217,1882-03-01
"388",1882,4,-0.301,-0.225,1882-04-01
"389",1882,5,-0.263,-0.228,1882-05-01
"390",1882,6,-0.342,-0.256,1882-06-01
"391",1882,7,-0.369,-0.299,1882-07-01
"392",1882,8,-0.23,-0.336,1882-08-01
"393",1882,9,-0.207,-0.333,1882-09-01
"394",1882,10,-0.35,-0.335,1882-10-01
"395",1882,11,-0.44,-0.333,1882-11-01
"396",1882,12,-0.558,-0.317,1882-12-01
"397",1883,1,-0.41,-0.309,1883-01-01
"398",1883,2,-0.433,-0.321,1883-02-01
"399",1883,3,-0.094,-0.334,1883-03-01
"400",1883,4,-0.318,-0.329,1883-04-01
"401",1883,5,-0.24,-0.333,1883-05-01
"402",1883,6,-0.152,-0.31,1883-06-01
"403",1883,7,-0.281,-0.296,1883-07-01
"404",1883,8,-0.369,-0.276,1883-08-01
"405",1883,9,-0.367,-0.311,1883-09-01
"406",1883,10,-0.285,-0.331,1883-10-01
"407",1883,11,-0.492,-0.36,1883-11-01
"408",1883,12,-0.274,-0.392,1883-12-01
"409",1884,1,-0.242,-0.416,1884-01-01
"410",1884,2,-0.201,-0.427,1884-02-01
"411",1884,3,-0.505,-0.442,1884-03-01
"412",1884,4,-0.568,-0.457,1884-04-01
"413",1884,5,-0.589,-0.467,1884-05-01
"414",1884,6,-0.536,-0.481,1884-06-01
"415",1884,7,-0.568,-0.518,1884-07-01
"416",1884,8,-0.499,-0.54,1884-08-01
"417",1884,9,-0.552,-0.528,1884-09-01
"418",1884,10,-0.465,-0.524,1884-10-01
"419",1884,11,-0.606,-0.521,1884-11-01
"420",1884,12,-0.446,-0.524,1884-12-01
"421",1885,1,-0.679,-0.506,1885-01-01
"422",1885,2,-0.472,-0.502,1885-02-01
"423",1885,3,-0.357,-0.493,1885-03-01
"424",1885,4,-0.515,-0.482,1885-04-01
"425",1885,5,-0.562,-0.464,1885-05-01
"426",1885,6,-0.568,-0.44,1885-06-01
"427",1885,7,-0.353,-0.437,1885-07-01
"428",1885,8,-0.443,-0.451,1885-08-01
"429",1885,9,-0.444,-0.466,1885-09-01
"430",1885,10,-0.333,-0.456,1885-10-01
"431",1885,11,-0.393,-0.437,1885-11-01
"432",1885,12,-0.164,-0.428,1885-12-01
"433",1886,1,-0.637,-0.423,1886-01-01
"434",1886,2,-0.644,-0.424,1886-02-01
"435",1886,3,-0.539,-0.429,1886-03-01
"436",1886,4,-0.396,-0.44,1886-04-01
"437",1886,5,-0.331,-0.453,1886-05-01
"438",1886,6,-0.465,-0.468,1886-06-01
"439",1886,7,-0.29,-0.495,1886-07-01
"440",1886,8,-0.453,-0.5,1886-08-01
"441",1886,9,-0.506,-0.496,1886-09-01
"442",1886,10,-0.461,-0.495,1886-10-01
"443",1886,11,-0.552,-0.507,1886-11-01
"444",1886,12,-0.344,-0.509,1886-12-01
"445",1887,1,-0.959,-0.514,1887-01-01
"446",1887,2,-0.706,-0.521,1887-02-01
"447",1887,3,-0.486,-0.513,1887-03-01
"448",1887,4,-0.391,-0.509,1887-04-01
"449",1887,5,-0.467,-0.497,1887-05-01
"450",1887,6,-0.496,-0.502,1887-06-01
"451",1887,7,-0.347,-0.452,1887-07-01
"452",1887,8,-0.543,-0.437,1887-08-01
"453",1887,9,-0.403,-0.434,1887-09-01
"454",1887,10,-0.413,-0.434,1887-10-01
"455",1887,11,-0.407,-0.424,1887-11-01
"456",1887,12,-0.41,-0.41,1887-12-01
"457",1888,1,-0.357,-0.402,1888-01-01
"458",1888,2,-0.525,-0.38,1888-02-01
"459",1888,3,-0.451,-0.371,1888-03-01
"460",1888,4,-0.384,-0.344,1888-04-01
"461",1888,5,-0.353,-0.323,1888-05-01
"462",1888,6,-0.327,-0.299,1888-06-01
"463",1888,7,-0.25,-0.279,1888-07-01
"464",1888,8,-0.282,-0.216,1888-08-01
"465",1888,9,-0.3,-0.174,1888-09-01
"466",1888,10,-0.084,-0.137,1888-10-01
"467",1888,11,-0.157,-0.12,1888-11-01
"468",1888,12,-0.116,-0.11,1888-12-01
"469",1889,1,-0.113,-0.102,1889-01-01
"470",1889,2,0.23,-0.103,1889-02-01
"471",1889,3,0.047,-0.108,1889-03-01
"472",1889,4,0.061,-0.126,1889-04-01
"473",1889,5,-0.152,-0.154,1889-05-01
"474",1889,6,-0.201,-0.172,1889-06-01
"475",1889,7,-0.16,-0.201,1889-07-01
"476",1889,8,-0.291,-0.256,1889-08-01
"477",1889,9,-0.36,-0.307,1889-09-01
"478",1889,10,-0.3,-0.347,1889-10-01
"479",1889,11,-0.493,-0.376,1889-11-01
"480",1889,12,-0.333,-0.4,1889-12-01
"481",1890,1,-0.456,-0.424,1890-01-01
"482",1890,2,-0.437,-0.439,1890-02-01
"483",1890,3,-0.565,-0.449,1890-03-01
"484",1890,4,-0.417,-0.448,1890-04-01
"485",1890,5,-0.502,-0.463,1890-05-01
"486",1890,6,-0.48,-0.466,1890-06-01
"487",1890,7,-0.447,-0.468,1890-07-01
"488",1890,8,-0.481,-0.481,1890-08-01
"489",1890,9,-0.47,-0.453,1890-09-01
"490",1890,10,-0.293,-0.449,1890-10-01
"491",1890,11,-0.668,-0.429,1890-11-01
"492",1890,12,-0.373,-0.419,1890-12-01
"493",1891,1,-0.482,-0.41,1891-01-01
"494",1891,2,-0.594,-0.395,1891-02-01
"495",1891,3,-0.23,-0.378,1891-03-01
"496",1891,4,-0.364,-0.382,1891-04-01
"497",1891,5,-0.268,-0.367,1891-05-01
"498",1891,6,-0.364,-0.345,1891-06-01
"499",1891,7,-0.34,-0.327,1891-07-01
"500",1891,8,-0.296,-0.293,1891-08-01
"501",1891,9,-0.266,-0.31,1891-09-01
"502",1891,10,-0.335,-0.32,1891-10-01
"503",1891,11,-0.492,-0.331,1891-11-01
"504",1891,12,-0.104,-0.324,1891-12-01
"505",1892,1,-0.276,-0.334,1892-01-01
"506",1892,2,-0.177,-0.347,1892-02-01
"507",1892,3,-0.436,-0.359,1892-03-01
"508",1892,4,-0.486,-0.353,1892-04-01
"509",1892,5,-0.399,-0.375,1892-05-01
"510",1892,6,-0.283,-0.407,1892-06-01
"511",1892,7,-0.462,-0.459,1892-07-01
"512",1892,8,-0.452,-0.496,1892-08-01
"513",1892,9,-0.402,-0.485,1892-09-01
"514",1892,10,-0.264,-0.474,1892-10-01
"515",1892,11,-0.754,-0.474,1892-11-01
"516",1892,12,-0.495,-0.476,1892-12-01
"517",1893,1,-0.904,-0.452,1893-01-01
"518",1893,2,-0.617,-0.436,1893-02-01
"519",1893,3,-0.298,-0.432,1893-03-01
"520",1893,4,-0.364,-0.429,1893-04-01
"521",1893,5,-0.391,-0.393,1893-05-01
"522",1893,6,-0.306,-0.386,1893-06-01
"523",1893,7,-0.172,-0.356,1893-07-01
"524",1893,8,-0.27,-0.341,1893-08-01
"525",1893,9,-0.351,-0.344,1893-09-01
"526",1893,10,-0.225,-0.357,1893-10-01
"527",1893,11,-0.325,-0.357,1893-11-01
"528",1893,12,-0.404,-0.37,1893-12-01
"529",1894,1,-0.547,-0.379,1894-01-01
"530",1894,2,-0.437,-0.379,1894-02-01
"531",1894,3,-0.336,-0.378,1894-03-01
"532",1894,4,-0.521,-0.377,1894-04-01
"533",1894,5,-0.396,-0.384,1894-05-01
"534",1894,6,-0.462,-0.376,1894-06-01
"535",1894,7,-0.274,-0.369,1894-07-01
"536",1894,8,-0.272,-0.37,1894-08-01
"537",1894,9,-0.332,-0.377,1894-09-01
"538",1894,10,-0.218,-0.357,1894-10-01
"539",1894,11,-0.409,-0.351,1894-11-01
"540",1894,12,-0.313,-0.335,1894-12-01
"541",1895,1,-0.456,-0.33,1895-01-01
"542",1895,2,-0.453,-0.332,1895-02-01
"543",1895,3,-0.413,-0.331,1895-03-01
"544",1895,4,-0.28,-0.331,1895-04-01
"545",1895,5,-0.323,-0.312,1895-05-01
"546",1895,6,-0.281,-0.301,1895-06-01
"547",1895,7,-0.212,-0.281,1895-07-01
"548",1895,8,-0.292,-0.265,1895-08-01
"549",1895,9,-0.325,-0.268,1895-09-01
"550",1895,10,-0.211,-0.282,1895-10-01
"551",1895,11,-0.189,-0.277,1895-11-01
"552",1895,12,-0.181,-0.266,1895-12-01
"553",1896,1,-0.214,-0.257,1896-01-01
"554",1896,2,-0.256,-0.241,1896-02-01
"555",1896,3,-0.453,-0.229,1896-03-01
"556",1896,4,-0.443,-0.214,1896-04-01
"557",1896,5,-0.273,-0.221,1896-05-01
"558",1896,6,-0.141,-0.213,1896-06-01
"559",1896,7,-0.105,-0.209,1896-07-01
"560",1896,8,-0.102,-0.21,1896-08-01
"561",1896,9,-0.18,-0.196,1896-09-01
"562",1896,10,-0.033,-0.164,1896-10-01
"563",1896,11,-0.268,-0.142,1896-11-01
"564",1896,12,-0.089,-0.145,1896-12-01
"565",1897,1,-0.161,-0.152,1897-01-01
"566",1897,2,-0.271,-0.161,1897-02-01
"567",1897,3,-0.288,-0.166,1897-03-01
"568",1897,4,-0.058,-0.18,1897-04-01
"569",1897,5,-0.013,-0.184,1897-05-01
"570",1897,6,-0.171,-0.197,1897-06-01
"571",1897,7,-0.189,-0.197,1897-07-01
"572",1897,8,-0.207,-0.215,1897-08-01
"573",1897,9,-0.246,-0.243,1897-09-01
"574",1897,10,-0.2,-0.272,1897-10-01
"575",1897,11,-0.316,-0.304,1897-11-01
"576",1897,12,-0.243,-0.309,1897-12-01
"577",1898,1,-0.158,-0.322,1898-01-01
"578",1898,2,-0.489,-0.335,1898-02-01
"579",1898,3,-0.629,-0.348,1898-03-01
"580",1898,4,-0.396,-0.371,1898-04-01
"581",1898,5,-0.402,-0.391,1898-05-01
"582",1898,6,-0.234,-0.404,1898-06-01
"583",1898,7,-0.346,-0.407,1898-07-01
"584",1898,8,-0.366,-0.406,1898-08-01
"585",1898,9,-0.399,-0.39,1898-09-01
"586",1898,10,-0.476,-0.375,1898-10-01
"587",1898,11,-0.551,-0.36,1898-11-01
"588",1898,12,-0.395,-0.371,1898-12-01
"589",1899,1,-0.206,-0.365,1899-01-01
"590",1899,2,-0.476,-0.349,1899-02-01
"591",1899,3,-0.434,-0.325,1899-03-01
"592",1899,4,-0.217,-0.292,1899-04-01
"593",1899,5,-0.216,-0.245,1899-05-01
"594",1899,6,-0.374,-0.235,1899-06-01
"595",1899,7,-0.274,-0.252,1899-07-01
"596",1899,8,-0.166,-0.213,1899-08-01
"597",1899,9,-0.114,-0.175,1899-09-01
"598",1899,10,-0.078,-0.167,1899-10-01
"599",1899,11,0.01,-0.155,1899-11-01
"600",1899,12,-0.272,-0.137,1899-12-01
"601",1900,1,-0.412,-0.13,1900-01-01
"602",1900,2,-0.012,-0.131,1900-02-01
"603",1900,3,0.025,-0.132,1900-03-01
"604",1900,4,-0.122,-0.122,1900-04-01
"605",1900,5,-0.074,-0.141,1900-05-01
"606",1900,6,-0.157,-0.129,1900-06-01
"607",1900,7,-0.184,-0.118,1900-07-01
"608",1900,8,-0.178,-0.125,1900-08-01
"609",1900,9,-0.134,-0.129,1900-09-01
"610",1900,10,0.041,-0.123,1900-10-01
"611",1900,11,-0.217,-0.131,1900-11-01
"612",1900,12,-0.125,-0.138,1900-12-01
"613",1901,1,-0.28,-0.144,1901-01-01
"614",1901,2,-0.1,-0.146,1901-02-01
"615",1901,3,-0.023,-0.158,1901-03-01
"616",1901,4,-0.044,-0.186,1901-04-01
"617",1901,5,-0.171,-0.194,1901-05-01
"618",1901,6,-0.236,-0.205,1901-06-01
"619",1901,7,-0.267,-0.206,1901-07-01
"620",1901,8,-0.194,-0.204,1901-08-01
"621",1901,9,-0.287,-0.236,1901-09-01
"622",1901,10,-0.291,-0.259,1901-10-01
"623",1901,11,-0.313,-0.278,1901-11-01
"624",1901,12,-0.261,-0.289,1901-12-01
"625",1902,1,-0.287,-0.293,1902-01-01
"626",1902,2,-0.08,-0.306,1902-02-01
"627",1902,3,-0.396,-0.313,1902-03-01
"628",1902,4,-0.331,-0.324,1902-04-01
"629",1902,5,-0.395,-0.345,1902-05-01
"630",1902,6,-0.363,-0.365,1902-06-01
"631",1902,7,-0.316,-0.363,1902-07-01
"632",1902,8,-0.35,-0.369,1902-08-01
"633",1902,9,-0.374,-0.362,1902-09-01
"634",1902,10,-0.422,-0.376,1902-10-01
"635",1902,11,-0.561,-0.383,1902-11-01
"636",1902,12,-0.506,-0.399,1902-12-01
"637",1903,1,-0.257,-0.412,1903-01-01
"638",1903,2,-0.16,-0.43,1903-02-01
"639",1903,3,-0.305,-0.451,1903-03-01
"640",1903,4,-0.505,-0.462,1903-04-01
"641",1903,5,-0.472,-0.463,1903-05-01
"642",1903,6,-0.56,-0.464,1903-06-01
"643",1903,7,-0.474,-0.498,1903-07-01
"644",1903,8,-0.567,-0.541,1903-08-01
"645",1903,9,-0.622,-0.557,1903-09-01
"646",1903,10,-0.56,-0.561,1903-10-01
"647",1903,11,-0.563,-0.568,1903-11-01
"648",1903,12,-0.527,-0.565,1903-12-01
"649",1904,1,-0.664,-0.571,1904-01-01
"650",1904,2,-0.67,-0.567,1904-02-01
"651",1904,3,-0.505,-0.566,1904-03-01
"652",1904,4,-0.551,-0.56,1904-04-01
"653",1904,5,-0.555,-0.537,1904-05-01
"654",1904,6,-0.526,-0.521,1904-06-01
"655",1904,7,-0.546,-0.495,1904-07-01
"656",1904,8,-0.512,-0.49,1904-08-01
"657",1904,9,-0.613,-0.475,1904-09-01
"658",1904,10,-0.491,-0.461,1904-10-01
"659",1904,11,-0.283,-0.44,1904-11-01
"660",1904,12,-0.338,-0.425,1904-12-01
"661",1905,1,-0.344,-0.41,1905-01-01
"662",1905,2,-0.621,-0.391,1905-02-01
"663",1905,3,-0.319,-0.369,1905-03-01
"664",1905,4,-0.384,-0.354,1905-04-01
"665",1905,5,-0.305,-0.347,1905-05-01
"666",1905,6,-0.343,-0.341,1905-06-01
"667",1905,7,-0.368,-0.341,1905-07-01
"668",1905,8,-0.284,-0.316,1905-08-01
"669",1905,9,-0.348,-0.299,1905-09-01
"670",1905,10,-0.314,-0.271,1905-10-01
"671",1905,11,-0.193,-0.27,1905-11-01
"672",1905,12,-0.273,-0.263,1905-12-01
"673",1906,1,-0.336,-0.26,1906-01-01
"674",1906,2,-0.323,-0.26,1906-02-01
"675",1906,3,-0.121,-0.259,1906-03-01
"676",1906,4,-0.038,-0.248,1906-04-01
"677",1906,5,-0.295,-0.265,1906-05-01
"678",1906,6,-0.259,-0.255,1906-06-01
"679",1906,7,-0.339,-0.261,1906-07-01
"680",1906,8,-0.284,-0.28,1906-08-01
"681",1906,9,-0.336,-0.294,1906-09-01
"682",1906,10,-0.176,-0.32,1906-10-01
"683",1906,11,-0.395,-0.339,1906-11-01
"684",1906,12,-0.155,-0.357,1906-12-01
"685",1907,1,-0.409,-0.365,1907-01-01
"686",1907,2,-0.557,-0.377,1907-02-01
"687",1907,3,-0.282,-0.383,1907-03-01
"688",1907,4,-0.349,-0.387,1907-04-01
"689",1907,5,-0.523,-0.4,1907-05-01
"690",1907,6,-0.485,-0.425,1907-06-01
"691",1907,7,-0.424,-0.426,1907-07-01
"692",1907,8,-0.432,-0.403,1907-08-01
"693",1907,9,-0.406,-0.429,1907-09-01
"694",1907,10,-0.233,-0.441,1907-10-01
"695",1907,11,-0.543,-0.423,1907-11-01
"696",1907,12,-0.46,-0.41,1907-12-01
"697",1908,1,-0.417,-0.405,1908-01-01
"698",1908,2,-0.277,-0.409,1908-02-01
"699",1908,3,-0.603,-0.406,1908-03-01
"700",1908,4,-0.489,-0.426,1908-04-01
"701",1908,5,-0.304,-0.437,1908-05-01
"702",1908,6,-0.335,-0.445,1908-06-01
"703",1908,7,-0.362,-0.475,1908-07-01
"704",1908,8,-0.482,-0.492,1908-08-01
"705",1908,9,-0.365,-0.49,1908-09-01
"706",1908,10,-0.475,-0.496,1908-10-01
"707",1908,11,-0.67,-0.514,1908-11-01
"708",1908,12,-0.567,-0.527,1908-12-01
"709",1909,1,-0.765,-0.541,1909-01-01
"710",1909,2,-0.493,-0.53,1909-02-01
"711",1909,3,-0.575,-0.539,1909-03-01
"712",1909,4,-0.562,-0.537,1909-04-01
"713",1909,5,-0.519,-0.516,1909-05-01
"714",1909,6,-0.493,-0.509,1909-06-01
"715",1909,7,-0.522,-0.478,1909-07-01
"716",1909,8,-0.352,-0.476,1909-08-01
"717",1909,9,-0.479,-0.473,1909-09-01
"718",1909,10,-0.45,-0.462,1909-10-01
"719",1909,11,-0.415,-0.448,1909-11-01
"720",1909,12,-0.488,-0.442,1909-12-01
"721",1910,1,-0.385,-0.434,1910-01-01
"722",1910,2,-0.473,-0.439,1910-02-01
"723",1910,3,-0.535,-0.435,1910-03-01
"724",1910,4,-0.438,-0.43,1910-04-01
"725",1910,5,-0.351,-0.447,1910-05-01
"726",1910,6,-0.418,-0.468,1910-06-01
"727",1910,7,-0.425,-0.493,1910-07-01
"728",1910,8,-0.408,-0.507,1910-08-01
"729",1910,9,-0.432,-0.514,1910-09-01
"730",1910,10,-0.39,-0.519,1910-10-01
"731",1910,11,-0.627,-0.534,1910-11-01
"732",1910,12,-0.74,-0.541,1910-12-01
"733",1911,1,-0.682,-0.547,1911-01-01
"734",1911,2,-0.64,-0.552,1911-02-01
"735",1911,3,-0.614,-0.557,1911-03-01
"736",1911,4,-0.496,-0.546,1911-04-01
"737",1911,5,-0.532,-0.52,1911-05-01
"738",1911,6,-0.511,-0.482,1911-06-01
"739",1911,7,-0.49,-0.445,1911-07-01
"740",1911,8,-0.47,-0.412,1911-08-01
"741",1911,9,-0.491,-0.397,1911-09-01
"742",1911,10,-0.258,-0.37,1911-10-01
"743",1911,11,-0.322,-0.347,1911-11-01
"744",1911,12,-0.276,-0.323,1911-12-01
"745",1912,1,-0.238,-0.325,1912-01-01
"746",1912,2,-0.242,-0.335,1912-02-01
"747",1912,3,-0.444,-0.349,1912-03-01
"748",1912,4,-0.17,-0.381,1912-04-01
"749",1912,5,-0.25,-0.396,1912-05-01
"750",1912,6,-0.223,-0.415,1912-06-01
"751",1912,7,-0.514,-0.441,1912-07-01
"752",1912,8,-0.587,-0.463,1912-08-01
"753",1912,9,-0.667,-0.463,1912-09-01
"754",1912,10,-0.644,-0.478,1912-10-01
"755",1912,11,-0.498,-0.492,1912-11-01
"756",1912,12,-0.504,-0.513,1912-12-01
"757",1913,1,-0.543,-0.506,1913-01-01
"758",1913,2,-0.507,-0.487,1913-02-01
"759",1913,3,-0.451,-0.466,1913-03-01
"760",1913,4,-0.346,-0.442,1913-04-01
"761",1913,5,-0.415,-0.427,1913-05-01
"762",1913,6,-0.482,-0.385,1913-06-01
"763",1913,7,-0.431,-0.34,1913-07-01
"764",1913,8,-0.356,-0.318,1913-08-01
"765",1913,9,-0.419,-0.309,1913-09-01
"766",1913,10,-0.355,-0.307,1913-10-01
"767",1913,11,-0.31,-0.29,1913-11-01
"768",1913,12,-0.007,-0.27,1913-12-01
"769",1914,1,-0.004,-0.259,1914-01-01
"770",1914,2,-0.244,-0.247,1914-02-01
"771",1914,3,-0.338,-0.235,1914-03-01
"772",1914,4,-0.323,-0.207,1914-04-01
"773",1914,5,-0.214,-0.197,1914-05-01
"774",1914,6,-0.237,-0.199,1914-06-01
"775",1914,7,-0.305,-0.218,1914-07-01
"776",1914,8,-0.213,-0.208,1914-08-01
"777",1914,9,-0.267,-0.182,1914-09-01
"778",1914,10,-0.024,-0.148,1914-10-01
"779",1914,11,-0.184,-0.13,1914-11-01
"780",1914,12,-0.032,-0.126,1914-12-01
"781",1915,1,-0.236,-0.119,1915-01-01
"782",1915,2,-0.127,-0.111,1915-02-01
"783",1915,3,-0.027,-0.107,1915-03-01
"784",1915,4,0.084,-0.129,1915-04-01
"785",1915,5,0.011,-0.125,1915-05-01
"786",1915,6,-0.197,-0.145,1915-06-01
"787",1915,7,-0.212,-0.142,1915-07-01
"788",1915,8,-0.123,-0.146,1915-08-01
"789",1915,9,-0.216,-0.167,1915-09-01
"790",1915,10,-0.292,-0.202,1915-10-01
"791",1915,11,-0.135,-0.231,1915-11-01
"792",1915,12,-0.269,-0.247,1915-12-01
"793",1916,1,-0.195,-0.26,1916-01-01
"794",1916,2,-0.178,-0.28,1916-02-01
"795",1916,3,-0.279,-0.295,1916-03-01
"796",1916,4,-0.335,-0.304,1916-04-01
"797",1916,5,-0.336,-0.339,1916-05-01
"798",1916,6,-0.389,-0.384,1916-06-01
"799",1916,7,-0.367,-0.424,1916-07-01
"800",1916,8,-0.364,-0.465,1916-08-01
"801",1916,9,-0.407,-0.499,1916-09-01
"802",1916,10,-0.397,-0.515,1916-10-01
"803",1916,11,-0.552,-0.536,1916-11-01
"804",1916,12,-0.812,-0.545,1916-12-01
"805",1917,1,-0.675,-0.54,1917-01-01
"806",1917,2,-0.667,-0.536,1917-02-01
"807",1917,3,-0.691,-0.534,1917-03-01
"808",1917,4,-0.528,-0.543,1917-04-01
"809",1917,5,-0.585,-0.538,1917-05-01
"810",1917,6,-0.497,-0.532,1917-06-01
"811",1917,7,-0.302,-0.521,1917-07-01
"812",1917,8,-0.319,-0.509,1917-08-01
"813",1917,9,-0.378,-0.487,1917-09-01
"814",1917,10,-0.513,-0.487,1917-10-01
"815",1917,11,-0.489,-0.479,1917-11-01
"816",1917,12,-0.74,-0.47,1917-12-01
"817",1918,1,-0.542,-0.475,1918-01-01
"818",1918,2,-0.526,-0.483,1918-02-01
"819",1918,3,-0.428,-0.47,1918-03-01
"820",1918,4,-0.528,-0.431,1918-04-01
"821",1918,5,-0.485,-0.408,1918-05-01
"822",1918,6,-0.387,-0.37,1918-06-01
"823",1918,7,-0.372,-0.341,1918-07-01
"824",1918,8,-0.407,-0.316,1918-08-01
"825",1918,9,-0.225,-0.303,1918-09-01
"826",1918,10,-0.044,-0.269,1918-10-01
"827",1918,11,-0.209,-0.248,1918-11-01
"828",1918,12,-0.289,-0.244,1918-12-01
"829",1919,1,-0.198,-0.24,1919-01-01
"830",1919,2,-0.223,-0.231,1919-02-01
"831",1919,3,-0.274,-0.242,1919-03-01
"832",1919,4,-0.113,-0.263,1919-04-01
"833",1919,5,-0.238,-0.293,1919-05-01
"834",1919,6,-0.331,-0.303,1919-06-01
"835",1919,7,-0.332,-0.301,1919-07-01
"836",1919,8,-0.294,-0.31,1919-08-01
"837",1919,9,-0.364,-0.295,1919-09-01
"838",1919,10,-0.289,-0.301,1919-10-01
"839",1919,11,-0.57,-0.302,1919-11-01
"840",1919,12,-0.41,-0.296,1919-12-01
"841",1920,1,-0.169,-0.29,1920-01-01
"842",1920,2,-0.332,-0.287,1920-02-01
"843",1920,3,-0.096,-0.275,1920-03-01
"844",1920,4,-0.187,-0.263,1920-04-01
"845",1920,5,-0.244,-0.239,1920-05-01
"846",1920,6,-0.258,-0.245,1920-06-01
"847",1920,7,-0.268,-0.24,1920-07-01
"848",1920,8,-0.253,-0.229,1920-08-01
"849",1920,9,-0.219,-0.246,1920-09-01
"850",1920,10,-0.147,-0.254,1920-10-01
"851",1920,11,-0.288,-0.26,1920-11-01
"852",1920,12,-0.48,-0.252,1920-12-01
"853",1921,1,-0.113,-0.242,1921-01-01
"854",1921,2,-0.193,-0.245,1921-02-01
"855",1921,3,-0.297,-0.241,1921-03-01
"856",1921,4,-0.288,-0.232,1921-04-01
"857",1921,5,-0.318,-0.219,1921-05-01
"858",1921,6,-0.156,-0.189,1921-06-01
"859",1921,7,-0.155,-0.202,1921-07-01
"860",1921,8,-0.287,-0.218,1921-08-01
"861",1921,9,-0.169,-0.204,1921-09-01
"862",1921,10,-0.042,-0.191,1921-10-01
"863",1921,11,-0.134,-0.195,1921-11-01
"864",1921,12,-0.111,-0.205,1921-12-01
"865",1922,1,-0.27,-0.211,1922-01-01
"866",1922,2,-0.39,-0.218,1922-02-01
"867",1922,3,-0.133,-0.236,1922-03-01
"868",1922,4,-0.129,-0.261,1922-04-01
"869",1922,5,-0.371,-0.271,1922-05-01
"870",1922,6,-0.268,-0.276,1922-06-01
"871",1922,7,-0.232,-0.277,1922-07-01
"872",1922,8,-0.372,-0.277,1922-08-01
"873",1922,9,-0.376,-0.297,1922-09-01
"874",1922,10,-0.352,-0.311,1922-10-01
"875",1922,11,-0.254,-0.305,1922-11-01
"876",1922,12,-0.162,-0.301,1922-12-01
"877",1923,1,-0.286,-0.313,1923-01-01
"878",1923,2,-0.395,-0.31,1923-02-01
"879",1923,3,-0.373,-0.308,1923-03-01
"880",1923,4,-0.291,-0.281,1923-04-01
"881",1923,5,-0.296,-0.258,1923-05-01
"882",1923,6,-0.224,-0.242,1923-06-01
"883",1923,7,-0.378,-0.24,1923-07-01
"884",1923,8,-0.334,-0.226,1923-08-01
"885",1923,9,-0.35,-0.2,1923-09-01
"886",1923,10,-0.036,-0.198,1923-10-01
"887",1923,11,0.033,-0.187,1923-11-01
"888",1923,12,0.019,-0.188,1923-12-01
"889",1924,1,-0.252,-0.178,1924-01-01
"890",1924,2,-0.236,-0.177,1924-02-01
"891",1924,3,-0.058,-0.176,1924-03-01
"892",1924,4,-0.271,-0.2,1924-04-01
"893",1924,5,-0.161,-0.221,1924-05-01
"894",1924,6,-0.237,-0.251,1924-06-01
"895",1924,7,-0.259,-0.264,1924-07-01
"896",1924,8,-0.32,-0.282,1924-08-01
"897",1924,9,-0.336,-0.299,1924-09-01
"898",1924,10,-0.322,-0.297,1924-10-01
"899",1924,11,-0.214,-0.299,1924-11-01
"900",1924,12,-0.345,-0.302,1924-12-01
"901",1925,1,-0.411,-0.305,1925-01-01
"902",1925,2,-0.453,-0.292,1925-02-01
"903",1925,3,-0.263,-0.282,1925-03-01
"904",1925,4,-0.249,-0.268,1925-04-01
"905",1925,5,-0.178,-0.252,1925-05-01
"906",1925,6,-0.273,-0.209,1925-06-01
"907",1925,7,-0.292,-0.155,1925-07-01
"908",1925,8,-0.168,-0.118,1925-08-01
"909",1925,9,-0.218,-0.086,1925-09-01
"910",1925,10,-0.147,-0.072,1925-10-01
"911",1925,11,-0.024,-0.075,1925-11-01
"912",1925,12,0.168,-0.07,1925-12-01
"913",1926,1,0.233,-0.065,1926-01-01
"914",1926,2,-0.01,-0.061,1926-02-01
"915",1926,3,0.129,-0.052,1926-03-01
"916",1926,4,-0.088,-0.038,1926-04-01
"917",1926,5,-0.21,-0.041,1926-05-01
"918",1926,6,-0.209,-0.074,1926-06-01
"919",1926,7,-0.234,-0.113,1926-07-01
"920",1926,8,-0.125,-0.127,1926-08-01
"921",1926,9,-0.11,-0.171,1926-09-01
"922",1926,10,0.019,-0.185,1926-10-01
"923",1926,11,-0.054,-0.183,1926-11-01
"924",1926,12,-0.222,-0.188,1926-12-01
"925",1927,1,-0.245,-0.186,1927-01-01
"926",1927,2,-0.178,-0.191,1927-02-01
"927",1927,3,-0.39,-0.192,1927-03-01
"928",1927,4,-0.259,-0.188,1927-04-01
"929",1927,5,-0.186,-0.189,1927-05-01
"930",1927,6,-0.271,-0.192,1927-06-01
"931",1927,7,-0.212,-0.162,1927-07-01
"932",1927,8,-0.179,-0.15,1927-08-01
"933",1927,9,-0.123,-0.136,1927-09-01
"934",1927,10,0.066,-0.132,1927-10-01
"935",1927,11,-0.063,-0.142,1927-11-01
"936",1927,12,-0.259,-0.151,1927-12-01
"937",1928,1,0.105,-0.151,1928-01-01
"938",1928,2,-0.027,-0.155,1928-02-01
"939",1928,3,-0.228,-0.167,1928-03-01
"940",1928,4,-0.203,-0.185,1928-04-01
"941",1928,5,-0.304,-0.191,1928-05-01
"942",1928,6,-0.385,-0.182,1928-06-01
"943",1928,7,-0.206,-0.225,1928-07-01
"944",1928,8,-0.237,-0.267,1928-08-01
"945",1928,9,-0.266,-0.282,1928-09-01
"946",1928,10,-0.145,-0.297,1928-10-01
"947",1928,11,-0.137,-0.308,1928-11-01
"948",1928,12,-0.147,-0.312,1928-12-01
"949",1929,1,-0.414,-0.332,1929-01-01
"950",1929,2,-0.534,-0.336,1929-02-01
"951",1929,3,-0.403,-0.336,1929-03-01
"952",1929,4,-0.382,-0.335,1929-04-01
"953",1929,5,-0.438,-0.335,1929-05-01
"954",1929,6,-0.434,-0.364,1929-06-01
"955",1929,7,-0.444,-0.348,1929-07-01
"956",1929,8,-0.295,-0.327,1929-08-01
"957",1929,9,-0.266,-0.303,1929-09-01
"958",1929,10,-0.128,-0.289,1929-10-01
"959",1929,11,-0.141,-0.271,1929-11-01
"960",1929,12,-0.492,-0.252,1929-12-01
"961",1930,1,-0.22,-0.228,1930-01-01
"962",1930,2,-0.282,-0.214,1930-02-01
"963",1930,3,-0.119,-0.202,1930-03-01
"964",1930,4,-0.206,-0.196,1930-04-01
"965",1930,5,-0.22,-0.174,1930-05-01
"966",1930,6,-0.213,-0.133,1930-06-01
"967",1930,7,-0.152,-0.123,1930-07-01
"968",1930,8,-0.123,-0.118,1930-08-01
"969",1930,9,-0.13,-0.115,1930-09-01
"970",1930,10,-0.057,-0.112,1930-10-01
"971",1930,11,0.126,-0.11,1930-11-01
"972",1930,12,-0.004,-0.098,1930-12-01
"973",1931,1,-0.099,-0.087,1931-01-01
"974",1931,2,-0.221,-0.077,1931-02-01
"975",1931,3,-0.085,-0.071,1931-03-01
"976",1931,4,-0.168,-0.059,1931-04-01
"977",1931,5,-0.2,-0.073,1931-05-01
"978",1931,6,-0.062,-0.073,1931-06-01
"979",1931,7,-0.016,-0.055,1931-07-01
"980",1931,8,-0.013,-0.052,1931-08-01
"981",1931,9,-0.051,-0.054,1931-09-01
"982",1931,10,0.083,-0.037,1931-10-01
"983",1931,11,-0.04,-0.027,1931-11-01
"984",1931,12,0.001,-0.04,1931-12-01
"985",1932,1,0.107,-0.054,1932-01-01
"986",1932,2,-0.178,-0.07,1932-02-01
"987",1932,3,-0.11,-0.067,1932-03-01
"988",1932,4,0.037,-0.077,1932-04-01
"989",1932,5,-0.077,-0.1,1932-05-01
"990",1932,6,-0.228,-0.115,1932-06-01
"991",1932,7,-0.181,-0.145,1932-07-01
"992",1932,8,-0.206,-0.153,1932-08-01
"993",1932,9,-0.007,-0.171,1932-09-01
"994",1932,10,-0.041,-0.198,1932-10-01
"995",1932,11,-0.312,-0.217,1932-11-01
"996",1932,12,-0.182,-0.231,1932-12-01
"997",1933,1,-0.251,-0.24,1933-01-01
"998",1933,2,-0.281,-0.24,1933-02-01
"999",1933,3,-0.321,-0.269,1933-03-01
"1000",1933,4,-0.286,-0.284,1933-04-01
"1001",1933,5,-0.312,-0.29,1933-05-01
"1002",1933,6,-0.391,-0.309,1933-06-01
"1003",1933,7,-0.287,-0.31,1933-07-01
"1004",1933,8,-0.206,-0.294,1933-08-01
"1005",1933,9,-0.351,-0.299,1933-09-01
"1006",1933,10,-0.23,-0.304,1933-10-01
"1007",1933,11,-0.378,-0.291,1933-11-01
"1008",1933,12,-0.411,-0.273,1933-12-01
"1009",1934,1,-0.26,-0.261,1934-01-01
"1010",1934,2,-0.1,-0.257,1934-02-01
"1011",1934,3,-0.382,-0.243,1934-03-01
"1012",1934,4,-0.344,-0.227,1934-04-01
"1013",1934,5,-0.153,-0.191,1934-05-01
"1014",1934,6,-0.169,-0.16,1934-06-01
"1015",1934,7,-0.154,-0.169,1934-07-01
"1016",1934,8,-0.149,-0.155,1934-08-01
"1017",1934,9,-0.188,-0.138,1934-09-01
"1018",1934,10,-0.041,-0.136,1934-10-01
"1019",1934,11,0.054,-0.152,1934-11-01
"1020",1934,12,-0.038,-0.157,1934-12-01
"1021",1935,1,-0.369,-0.162,1935-01-01
"1022",1935,2,0.067,-0.168,1935-02-01
"1023",1935,3,-0.167,-0.172,1935-03-01
"1024",1935,4,-0.327,-0.172,1935-04-01
"1025",1935,5,-0.342,-0.209,1935-05-01
"1026",1935,6,-0.23,-0.222,1935-06-01
"1027",1935,7,-0.212,-0.217,1935-07-01
"1028",1935,8,-0.226,-0.251,1935-08-01
"1029",1935,9,-0.238,-0.264,1935-09-01
"1030",1935,10,-0.038,-0.252,1935-10-01
"1031",1935,11,-0.39,-0.238,1935-11-01
"1032",1935,12,-0.191,-0.232,1935-12-01
"1033",1936,1,-0.307,-0.222,1936-01-01
"1034",1936,2,-0.343,-0.213,1936-02-01
"1035",1936,3,-0.319,-0.204,1936-03-01
"1036",1936,4,-0.186,-0.197,1936-04-01
"1037",1936,5,-0.175,-0.171,1936-05-01
"1038",1936,6,-0.162,-0.152,1936-06-01
"1039",1936,7,-0.083,-0.132,1936-07-01
"1040",1936,8,-0.123,-0.099,1936-08-01
"1041",1936,9,-0.13,-0.086,1936-09-01
"1042",1936,10,0.043,-0.079,1936-10-01
"1043",1936,11,-0.075,-0.068,1936-11-01
"1044",1936,12,0.031,-0.054,1936-12-01
"1045",1937,1,-0.065,-0.046,1937-01-01
"1046",1937,2,0.059,-0.033,1937-02-01
"1047",1937,3,-0.165,-0.012,1937-03-01
"1048",1937,4,-0.103,-0.004,1937-04-01
"1049",1937,5,-0.049,0.009,1937-05-01
"1050",1937,6,0.008,0.004,1937-06-01
"1051",1937,7,0.013,0.016,1937-07-01
"1052",1937,8,0.037,0.016,1937-08-01
"1053",1937,9,0.117,0.036,1937-09-01
"1054",1937,10,0.145,0.049,1937-10-01
"1055",1937,11,0.075,0.044,1937-11-01
"1056",1937,12,-0.023,0.032,1937-12-01
"1057",1938,1,0.074,0.024,1938-01-01
"1058",1938,2,0.066,0.019,1938-02-01
"1059",1938,3,0.071,0.013,1938-03-01
"1060",1938,4,0.049,0.019,1938-04-01
"1061",1938,5,-0.103,0.018,1938-05-01
"1062",1938,6,-0.139,0.011,1938-06-01
"1063",1938,7,-0.077,0.001,1938-07-01
"1064",1938,8,-0.026,-0.012,1938-08-01
"1065",1938,9,0.042,-0.036,1938-09-01
"1066",1938,10,0.214,-0.042,1938-10-01
"1067",1938,11,0.069,-0.027,1938-11-01
"1068",1938,12,-0.111,-0.015,1938-12-01
"1069",1939,1,-0.04,-0.013,1939-01-01
"1070",1939,2,-0.097,-0.014,1939-02-01
"1071",1939,3,-0.214,-0.021,1939-03-01
"1072",1939,4,-0.019,-0.045,1939-04-01
"1073",1939,5,0.068,-0.055,1939-05-01
"1074",1939,6,0.011,-0.011,1939-06-01
"1075",1939,7,-0.05,-0.002,1939-07-01
"1076",1939,8,-0.042,0.014,1939-08-01
"1077",1939,9,-0.04,0.038,1939-09-01
"1078",1939,10,-0.069,0.05,1939-10-01
"1079",1939,11,-0.062,0.047,1939-11-01
"1080",1939,12,0.427,0.047,1939-12-01
"1081",1940,1,0.062,0.061,1940-01-01
"1082",1940,2,0.098,0.07,1940-02-01
"1083",1940,3,0.071,0.079,1940-03-01
"1084",1940,4,0.121,0.089,1940-04-01
"1085",1940,5,0.034,0.09,1940-05-01
"1086",1940,6,0.015,0.072,1940-06-01
"1087",1940,7,0.12,0.065,1940-07-01
"1088",1940,8,0.061,0.067,1940-08-01
"1089",1940,9,0.074,0.055,1940-09-01
"1090",1940,10,0.051,0.042,1940-10-01
"1091",1940,11,-0.055,0.04,1940-11-01
"1092",1940,12,0.211,0.043,1940-12-01
"1093",1941,1,-0.016,0.042,1941-01-01
"1094",1941,2,0.119,0.035,1941-02-01
"1095",1941,3,-0.072,0.012,1941-03-01
"1096",1941,4,-0.032,0.026,1941-04-01
"1097",1941,5,0.01,0.028,1941-05-01
"1098",1941,6,0.042,0.027,1941-06-01
"1099",1941,7,0.112,0.056,1941-07-01
"1100",1941,8,-0.019,0.046,1941-08-01
"1101",1941,9,-0.21,0.058,1941-09-01
"1102",1941,10,0.219,0.061,1941-10-01
"1103",1941,11,-0.026,0.066,1941-11-01
"1104",1941,12,0.194,0.065,1941-12-01
"1105",1942,1,0.338,0.052,1942-01-01
"1106",1942,2,-0.005,0.047,1942-02-01
"1107",1942,3,0.072,0.058,1942-03-01
"1108",1942,4,0.003,0.041,1942-04-01
"1109",1942,5,0.069,0.044,1942-05-01
"1110",1942,6,0.028,0.037,1942-06-01
"1111",1942,7,-0.036,0.004,1942-07-01
"1112",1942,8,-0.08,0.014,1942-08-01
"1113",1942,9,-0.077,0.004,1942-09-01
"1114",1942,10,0.02,0.014,1942-10-01
"1115",1942,11,0.008,0.014,1942-11-01
"1116",1942,12,0.103,0.009,1942-12-01
"1117",1943,1,-0.053,0.018,1943-01-01
"1118",1943,2,0.114,0.033,1943-02-01
"1119",1943,3,-0.052,0.041,1943-03-01
"1120",1943,4,0.122,0.065,1943-04-01
"1121",1943,5,0.078,0.078,1943-05-01
"1122",1943,6,-0.039,0.091,1943-06-01
"1123",1943,7,0.073,0.127,1943-07-01
"1124",1943,8,0.101,0.137,1943-08-01
"1125",1943,9,0.021,0.162,1943-09-01
"1126",1943,10,0.311,0.166,1943-10-01
"1127",1943,11,0.156,0.173,1943-11-01
"1128",1943,12,0.264,0.185,1943-12-01
"1129",1944,1,0.378,0.193,1944-01-01
"1130",1944,2,0.234,0.203,1944-02-01
"1131",1944,3,0.249,0.217,1944-03-01
"1132",1944,4,0.163,0.215,1944-04-01
"1133",1944,5,0.163,0.208,1944-05-01
"1134",1944,6,0.106,0.197,1944-06-01
"1135",1944,7,0.173,0.173,1944-07-01
"1136",1944,8,0.222,0.152,1944-08-01
"1137",1944,9,0.187,0.137,1944-09-01
"1138",1944,10,0.286,0.142,1944-10-01
"1139",1944,11,0.072,0.129,1944-11-01
"1140",1944,12,0.127,0.12,1944-12-01
"1141",1945,1,0.1,0.104,1945-01-01
"1142",1945,2,-0.027,0.104,1945-02-01
"1143",1945,3,0.077,0.097,1945-03-01
"1144",1945,4,0.215,0.092,1945-04-01
"1145",1945,5,0.008,0.086,1945-05-01
"1146",1945,6,-0.001,0.07,1945-06-01
"1147",1945,7,-0.015,0.066,1945-07-01
"1148",1945,8,0.223,0.063,1945-08-01
"1149",1945,9,0.103,0.059,1945-09-01
"1150",1945,10,0.221,0.046,1945-10-01
"1151",1945,11,0.004,0.04,1945-11-01
"1152",1945,12,-0.068,0.023,1945-12-01
"1153",1946,1,0.048,0.018,1946-01-01
"1154",1946,2,-0.057,-0.015,1946-02-01
"1155",1946,3,0.022,-0.034,1946-03-01
"1156",1946,4,0.068,-0.054,1946-04-01
"1157",1946,5,-0.067,-0.06,1946-05-01
"1158",1946,6,-0.204,-0.076,1946-06-01
"1159",1946,7,-0.08,-0.081,1946-07-01
"1160",1946,8,-0.17,-0.075,1946-08-01
"1161",1946,9,-0.131,-0.067,1946-09-01
"1162",1946,10,-0.012,-0.067,1946-10-01
"1163",1946,11,-0.075,-0.066,1946-11-01
"1164",1946,12,-0.259,-0.054,1946-12-01
"1165",1947,1,-0.007,-0.052,1947-01-01
"1166",1947,2,0.013,-0.048,1947-02-01
"1167",1947,3,0.117,-0.046,1947-03-01
"1168",1947,4,0.071,-0.035,1947-04-01
"1169",1947,5,-0.058,-0.023,1947-05-01
"1170",1947,6,-0.061,-0.007,1947-06-01
"1171",1947,7,-0.052,-0.001,1947-07-01
"1172",1947,8,-0.118,-0.016,1947-08-01
"1173",1947,9,-0.111,-0.045,1947-09-01
"1174",1947,10,0.122,-0.058,1947-10-01
"1175",1947,11,0.064,-0.05,1947-11-01
"1176",1947,12,-0.065,-0.043,1947-12-01
"1177",1948,1,0.071,-0.048,1948-01-01
"1178",1948,2,-0.173,-0.043,1948-02-01
"1179",1948,3,-0.227,-0.047,1948-03-01
"1180",1948,4,-0.095,-0.059,1948-04-01
"1181",1948,5,0.043,-0.081,1948-05-01
"1182",1948,6,0.026,-0.101,1948-06-01
"1183",1948,7,-0.111,-0.1,1948-07-01
"1184",1948,8,-0.061,-0.103,1948-08-01
"1185",1948,9,-0.155,-0.091,1948-09-01
"1186",1948,10,-0.03,-0.091,1948-10-01
"1187",1948,11,-0.195,-0.102,1948-11-01
"1188",1948,12,-0.3,-0.125,1948-12-01
"1189",1949,1,0.079,-0.131,1949-01-01
"1190",1949,2,-0.204,-0.135,1949-02-01
"1191",1949,3,-0.087,-0.135,1949-03-01
"1192",1949,4,-0.102,-0.134,1949-04-01
"1193",1949,5,-0.086,-0.129,1949-05-01
"1194",1949,6,-0.249,-0.109,1949-06-01
"1195",1949,7,-0.177,-0.136,1949-07-01
"1196",1949,8,-0.109,-0.147,1949-08-01
"1197",1949,9,-0.162,-0.15,1949-09-01
"1198",1949,10,-0.02,-0.159,1949-10-01
"1199",1949,11,-0.134,-0.157,1949-11-01
"1200",1949,12,-0.061,-0.138,1949-12-01
"1201",1950,1,-0.235,-0.126,1950-01-01
"1202",1950,2,-0.344,-0.131,1950-02-01
"1203",1950,3,-0.121,-0.133,1950-03-01
"1204",1950,4,-0.204,-0.145,1950-04-01
"1205",1950,5,-0.071,-0.162,1950-05-01
"1206",1950,6,-0.023,-0.173,1950-06-01
"1207",1950,7,-0.027,-0.181,1950-07-01
"1208",1950,8,-0.169,-0.186,1950-08-01
"1209",1950,9,-0.191,-0.188,1950-09-01
"1210",1950,10,-0.164,-0.173,1950-10-01
"1211",1950,11,-0.338,-0.156,1950-11-01
"1212",1950,12,-0.186,-0.146,1950-12-01
"1213",1951,1,-0.331,-0.139,1951-01-01
"1214",1951,2,-0.405,-0.109,1951-02-01
"1215",1951,3,-0.147,-0.085,1951-03-01
"1216",1951,4,-0.022,-0.053,1951-04-01
"1217",1951,5,0.125,-0.024,1951-05-01
"1218",1951,6,0.104,0.007,1951-06-01
"1219",1951,7,0.057,0.05,1951-07-01
"1220",1951,8,0.186,0.097,1951-08-01
"1221",1951,9,0.103,0.104,1951-09-01
"1222",1951,10,0.217,0.113,1951-10-01
"1223",1951,11,0.013,0.109,1951-11-01
"1224",1951,12,0.188,0.108,1951-12-01
"1225",1952,1,0.187,0.112,1952-01-01
"1226",1952,2,0.156,0.107,1952-02-01
"1227",1952,3,-0.069,0.109,1952-03-01
"1228",1952,4,0.095,0.097,1952-04-01
"1229",1952,5,0.068,0.088,1952-05-01
"1230",1952,6,0.092,0.08,1952-06-01
"1231",1952,7,0.115,0.072,1952-07-01
"1232",1952,8,0.117,0.074,1952-08-01
"1233",1952,9,0.127,0.088,1952-09-01
"1234",1952,10,0.076,0.106,1952-10-01
"1235",1952,11,-0.094,0.122,1952-11-01
"1236",1952,12,0.089,0.135,1952-12-01
"1237",1953,1,0.089,0.136,1953-01-01
"1238",1953,2,0.187,0.138,1953-02-01
"1239",1953,3,0.096,0.138,1953-03-01
"1240",1953,4,0.314,0.141,1953-04-01
"1241",1953,5,0.252,0.149,1953-05-01
"1242",1953,6,0.249,0.152,1953-06-01
"1243",1953,7,0.127,0.127,1953-07-01
"1244",1953,8,0.146,0.106,1953-08-01
"1245",1953,9,0.12,0.091,1953-09-01
"1246",1953,10,0.121,0.064,1953-10-01
"1247",1953,11,-0.006,0.041,1953-11-01
"1248",1953,12,0.134,0.017,1953-12-01
"1249",1954,1,-0.212,-0.004,1954-01-01
"1250",1954,2,-0.064,-0.022,1954-02-01
"1251",1954,3,-0.093,-0.038,1954-03-01
"1252",1954,4,0,-0.04,1954-04-01
"1253",1954,5,-0.025,-0.026,1954-05-01
"1254",1954,6,-0.044,-0.043,1954-06-01
"1255",1954,7,-0.121,-0.007,1954-07-01
"1256",1954,8,-0.076,-0.013,1954-08-01
"1257",1954,9,-0.074,-0.028,1954-09-01
"1258",1954,10,0.099,-0.038,1954-10-01
"1259",1954,11,0.162,-0.051,1954-11-01
"1260",1954,12,-0.064,-0.051,1954-12-01
"1261",1955,1,0.212,-0.05,1955-01-01
"1262",1955,2,-0.135,-0.032,1955-02-01
"1263",1955,3,-0.266,-0.039,1955-03-01
"1264",1955,4,-0.126,-0.046,1955-04-01
"1265",1955,5,-0.175,-0.079,1955-05-01
"1266",1955,6,-0.053,-0.093,1955-06-01
"1267",1955,7,-0.1,-0.116,1955-07-01
"1268",1955,8,0.132,-0.118,1955-08-01
"1269",1955,9,-0.153,-0.114,1955-09-01
"1270",1955,10,0.018,-0.122,1955-10-01
"1271",1955,11,-0.236,-0.129,1955-11-01
"1272",1955,12,-0.231,-0.136,1955-12-01
"1273",1956,1,-0.07,-0.136,1956-01-01
"1274",1956,2,-0.153,-0.171,1956-02-01
"1275",1956,3,-0.222,-0.176,1956-03-01
"1276",1956,4,-0.219,-0.2,1956-04-01
"1277",1956,5,-0.26,-0.194,1956-05-01
"1278",1956,6,-0.133,-0.174,1956-06-01
"1279",1956,7,-0.102,-0.178,1956-07-01
"1280",1956,8,-0.295,-0.169,1956-08-01
"1281",1956,9,-0.213,-0.158,1956-09-01
"1282",1956,10,-0.265,-0.136,1956-10-01
"1283",1956,11,-0.164,-0.103,1956-11-01
"1284",1956,12,0.006,-0.076,1956-12-01
"1285",1957,1,-0.119,-0.069,1957-01-01
"1286",1957,2,-0.044,-0.032,1957-02-01
"1287",1957,3,-0.091,-0.007,1957-03-01
"1288",1957,4,0.047,0.024,1957-04-01
"1289",1957,5,0.135,0.043,1957-05-01
"1290",1957,6,0.197,0.055,1957-06-01
"1291",1957,7,-0.024,0.095,1957-07-01
"1292",1957,8,0.148,0.114,1957-08-01
"1293",1957,9,0.085,0.131,1957-09-01
"1294",1957,10,0.109,0.129,1957-10-01
"1295",1957,11,0.063,0.124,1957-11-01
"1296",1957,12,0.153,0.102,1957-12-01
"1297",1958,1,0.357,0.103,1958-01-01
"1298",1958,2,0.186,0.085,1958-02-01
"1299",1958,3,0.113,0.069,1958-03-01
"1300",1958,4,0.029,0.065,1958-04-01
"1301",1958,5,0.073,0.065,1958-05-01
"1302",1958,6,-0.066,0.06,1958-06-01
"1303",1958,7,-0.015,0.039,1958-07-01
"1304",1958,8,-0.068,0.027,1958-08-01
"1305",1958,9,-0.104,0.029,1958-09-01
"1306",1958,10,0.06,0.043,1958-10-01
"1307",1958,11,0.061,0.045,1958-11-01
"1308",1958,12,0.09,0.058,1958-12-01
"1309",1959,1,0.11,0.061,1959-01-01
"1310",1959,2,0.038,0.067,1959-02-01
"1311",1959,3,0.139,0.068,1959-03-01
"1312",1959,4,0.195,0.063,1959-04-01
"1313",1959,5,0.103,0.047,1959-05-01
"1314",1959,6,0.088,0.042,1959-06-01
"1315",1959,7,0.026,0.032,1959-07-01
"1316",1959,8,0.003,0.037,1959-08-01
"1317",1959,9,-0.096,-0.002,1959-09-01
"1318",1959,10,-0.002,-0.03,1959-10-01
"1319",1959,11,-0.126,-0.044,1959-11-01
"1320",1959,12,0.025,-0.051,1959-12-01
"1321",1960,1,-0.008,-0.057,1960-01-01
"1322",1960,2,0.104,-0.05,1960-02-01
"1323",1960,3,-0.338,-0.036,1960-03-01
"1324",1960,4,-0.14,-0.029,1960-04-01
"1325",1960,5,-0.057,-0.032,1960-05-01
"1326",1960,6,-0.003,-0.015,1960-06-01
"1327",1960,7,-0.048,-0.01,1960-07-01
"1328",1960,8,0.09,-0.004,1960-08-01
"1329",1960,9,0.074,0.027,1960-09-01
"1330",1960,10,0.078,0.052,1960-10-01
"1331",1960,11,-0.16,0.071,1960-11-01
"1332",1960,12,0.227,0.082,1960-12-01
"1333",1961,1,0.057,0.088,1961-01-01
"1334",1961,2,0.171,0.082,1961-02-01
"1335",1961,3,0.04,0.08,1961-03-01
"1336",1961,4,0.155,0.074,1961-04-01
"1337",1961,5,0.175,0.089,1961-05-01
"1338",1961,6,0.129,0.061,1961-06-01
"1339",1961,7,0.019,0.061,1961-07-01
"1340",1961,8,0.021,0.056,1961-08-01
"1341",1961,9,0.046,0.063,1961-09-01
"1342",1961,10,0.004,0.055,1961-10-01
"1343",1961,11,0.027,0.031,1961-11-01
"1344",1961,12,-0.116,0.021,1961-12-01
"1345",1962,1,0.061,0.014,1962-01-01
"1346",1962,2,0.112,0.007,1962-02-01
"1347",1962,3,0.127,-0.004,1962-03-01
"1348",1962,4,0.051,-0.006,1962-04-01
"1349",1962,5,-0.114,-0.008,1962-05-01
"1350",1962,6,0.013,0.002,1962-06-01
"1351",1962,7,-0.069,-0.003,1962-07-01
"1352",1962,8,-0.061,-0.002,1962-08-01
"1353",1962,9,-0.082,-0.031,1962-09-01
"1354",1962,10,-0.026,-0.041,1962-10-01
"1355",1962,11,0.009,-0.038,1962-11-01
"1356",1962,12,0.007,-0.041,1962-12-01
"1357",1963,1,0.001,-0.03,1963-01-01
"1358",1963,2,0.119,-0.003,1963-02-01
"1359",1963,3,-0.223,0.02,1963-03-01
"1360",1963,4,-0.062,0.034,1963-04-01
"1361",1963,5,-0.086,0.042,1963-05-01
"1362",1963,6,-0.021,0.045,1963-06-01
"1363",1963,7,0.071,0.038,1963-07-01
"1364",1963,8,0.259,0.017,1963-08-01
"1365",1963,9,0.187,0.011,1963-09-01
"1366",1963,10,0.146,-0.012,1963-10-01
"1367",1963,11,0.111,-0.028,1963-11-01
"1368",1963,12,0.043,-0.03,1963-12-01
"1369",1964,1,-0.085,-0.043,1964-01-01
"1370",1964,2,-0.131,-0.088,1964-02-01
"1371",1964,3,-0.298,-0.132,1964-03-01
"1372",1964,4,-0.337,-0.168,1964-04-01
"1373",1964,5,-0.279,-0.198,1964-05-01
"1374",1964,6,-0.042,-0.222,1964-06-01
"1375",1964,7,-0.093,-0.218,1964-07-01
"1376",1964,8,-0.281,-0.221,1964-08-01
"1377",1964,9,-0.338,-0.211,1964-09-01
"1378",1964,10,-0.285,-0.199,1964-10-01
"1379",1964,11,-0.254,-0.182,1964-11-01
"1380",1964,12,-0.237,-0.186,1964-12-01
"1381",1965,1,-0.036,-0.191,1965-01-01
"1382",1965,2,-0.171,-0.173,1965-02-01
"1383",1965,3,-0.181,-0.159,1965-03-01
"1384",1965,4,-0.185,-0.136,1965-04-01
"1385",1965,5,-0.079,-0.12,1965-05-01
"1386",1965,6,-0.096,-0.1,1965-06-01
"1387",1965,7,-0.151,-0.11,1965-07-01
"1388",1965,8,-0.058,-0.1,1965-08-01
"1389",1965,9,-0.175,-0.089,1965-09-01
"1390",1965,10,-0.006,-0.075,1965-10-01
"1391",1965,11,-0.062,-0.077,1965-11-01
"1392",1965,12,-0.004,-0.068,1965-12-01
"1393",1966,1,-0.154,-0.047,1966-01-01
"1394",1966,2,-0.043,-0.045,1966-02-01
"1395",1966,3,-0.058,-0.03,1966-03-01
"1396",1966,4,-0.016,-0.042,1966-04-01
"1397",1966,5,-0.095,-0.041,1966-05-01
"1398",1966,6,0.005,-0.041,1966-06-01
"1399",1966,7,0.098,-0.036,1966-07-01
"1400",1966,8,-0.036,-0.051,1966-08-01
"1401",1966,9,0.009,-0.043,1966-09-01
"1402",1966,10,-0.154,-0.041,1966-10-01
"1403",1966,11,-0.043,-0.015,1966-11-01
"1404",1966,12,-0.006,-0.015,1966-12-01
"1405",1967,1,-0.09,-0.021,1967-01-01
"1406",1967,2,-0.23,-0.018,1967-02-01
"1407",1967,3,0.044,-0.021,1967-03-01
"1408",1967,4,0.01,-0.004,1967-04-01
"1409",1967,5,0.214,-0.008,1967-05-01
"1410",1967,6,-0.001,-0.009,1967-06-01
"1411",1967,7,0.029,-0.018,1967-07-01
"1412",1967,8,0.003,-0.012,1967-08-01
"1413",1967,9,-0.027,-0.006,1967-09-01
"1414",1967,10,0.054,-0.01,1967-10-01
"1415",1967,11,-0.1,-0.038,1967-11-01
"1416",1967,12,-0.012,-0.044,1967-12-01
"1417",1968,1,-0.201,-0.061,1968-01-01
"1418",1968,2,-0.156,-0.07,1968-02-01
"1419",1968,3,0.116,-0.086,1968-03-01
"1420",1968,4,-0.043,-0.083,1968-04-01
"1421",1968,5,-0.118,-0.081,1968-05-01
"1422",1968,6,-0.067,-0.085,1968-06-01
"1423",1968,7,-0.179,-0.071,1968-07-01
"1424",1968,8,-0.112,-0.068,1968-08-01
"1425",1968,9,-0.214,-0.08,1968-09-01
"1426",1968,10,0.089,-0.061,1968-10-01
"1427",1968,11,-0.081,-0.032,1968-11-01
"1428",1968,12,-0.053,-0.016,1968-12-01
"1429",1969,1,-0.038,-0.008,1969-01-01
"1430",1969,2,-0.115,0.002,1969-02-01
"1431",1969,3,-0.023,0.023,1969-03-01
"1432",1969,4,0.177,0.023,1969-04-01
"1433",1969,5,0.235,0.036,1969-05-01
"1434",1969,6,0.12,0.065,1969-06-01
"1435",1969,7,-0.081,0.08,1969-07-01
"1436",1969,8,0.007,0.103,1969-08-01
"1437",1969,9,0.043,0.107,1969-09-01
"1438",1969,10,0.084,0.098,1969-10-01
"1439",1969,11,0.078,0.079,1969-11-01
"1440",1969,12,0.288,0.066,1969-12-01
"1441",1970,1,0.143,0.071,1970-01-01
"1442",1970,2,0.165,0.062,1970-02-01
"1443",1970,3,0.025,0.067,1970-03-01
"1444",1970,4,0.072,0.062,1970-04-01
"1445",1970,5,0.009,0.05,1970-05-01
"1446",1970,6,-0.037,0.017,1970-06-01
"1447",1970,7,-0.027,0.001,1970-07-01
"1448",1970,8,-0.093,-0.03,1970-08-01
"1449",1970,9,0.096,-0.051,1970-09-01
"1450",1970,10,0.032,-0.063,1970-10-01
"1451",1970,11,-0.065,-0.069,1970-11-01
"1452",1970,12,-0.108,-0.076,1970-12-01
"1453",1971,1,-0.054,-0.082,1971-01-01
"1454",1971,2,-0.206,-0.08,1971-02-01
"1455",1971,3,-0.23,-0.091,1971-03-01
"1456",1971,4,-0.07,-0.098,1971-04-01
"1457",1971,5,-0.064,-0.1,1971-05-01
"1458",1971,6,-0.121,-0.101,1971-06-01
"1459",1971,7,-0.1,-0.118,1971-07-01
"1460",1971,8,-0.072,-0.118,1971-08-01
"1461",1971,9,-0.038,-0.099,1971-09-01
"1462",1971,10,-0.052,-0.091,1971-10-01
"1463",1971,11,-0.084,-0.081,1971-11-01
"1464",1971,12,-0.117,-0.067,1971-12-01
"1465",1972,1,-0.26,-0.06,1972-01-01
"1466",1972,2,-0.204,-0.039,1972-02-01
"1467",1972,3,-0.004,-0.034,1972-03-01
"1468",1972,4,0.02,-0.027,1972-04-01
"1469",1972,5,0.061,-0.02,1972-05-01
"1470",1972,6,0.049,0.009,1972-06-01
"1471",1972,7,-0.024,0.051,1972-07-01
"1472",1972,8,0.183,0.09,1972-08-01
"1473",1972,9,0.029,0.107,1972-09-01
"1474",1972,10,0.025,0.13,1972-10-01
"1475",1972,11,0,0.147,1972-11-01
"1476",1972,12,0.233,0.158,1972-12-01
"1477",1973,1,0.248,0.165,1973-01-01
"1478",1973,2,0.263,0.155,1973-02-01
"1479",1973,3,0.19,0.155,1973-03-01
"1480",1973,4,0.305,0.161,1973-04-01
"1481",1973,5,0.268,0.163,1973-05-01
"1482",1973,6,0.181,0.144,1973-06-01
"1483",1973,7,0.059,0.11,1973-07-01
"1484",1973,8,0.054,0.063,1973-08-01
"1485",1973,9,0.038,0.037,1973-09-01
"1486",1973,10,0.089,0.006,1973-10-01
"1487",1973,11,0.023,-0.018,1973-11-01
"1488",1973,12,0.006,-0.033,1973-12-01
"1489",1974,1,-0.155,-0.041,1974-01-01
"1490",1974,2,-0.3,-0.031,1974-02-01
"1491",1974,3,-0.124,-0.037,1974-03-01
"1492",1974,4,-0.063,-0.048,1974-04-01
"1493",1974,5,-0.024,-0.056,1974-05-01
"1494",1974,6,0.002,-0.062,1974-06-01
"1495",1974,7,-0.042,-0.045,1974-07-01
"1496",1974,8,0.184,-0.009,1974-08-01
"1497",1974,9,-0.037,0.014,1974-09-01
"1498",1974,10,-0.04,0.028,1974-10-01
"1499",1974,11,-0.076,0.048,1974-11-01
"1500",1974,12,-0.069,0.051,1974-12-01
"1501",1975,1,0.054,0.051,1975-01-01
"1502",1975,2,0.13,0.02,1975-02-01
"1503",1975,3,0.145,0.021,1975-03-01
"1504",1975,4,0.111,0.019,1975-04-01
"1505",1975,5,0.211,0.006,1975-05-01
"1506",1975,6,0.04,0.003,1975-06-01
"1507",1975,7,-0.041,-0.004,1975-07-01
"1508",1975,8,-0.185,-0.023,1975-08-01
"1509",1975,9,-0.029,-0.055,1975-09-01
"1510",1975,10,-0.068,-0.069,1975-10-01
"1511",1975,11,-0.222,-0.108,1975-11-01
"1512",1975,12,-0.105,-0.125,1975-12-01
"1513",1976,1,-0.034,-0.126,1976-01-01
"1514",1976,2,-0.103,-0.123,1976-02-01
"1515",1976,3,-0.235,-0.122,1976-03-01
"1516",1976,4,-0.058,-0.133,1976-04-01
"1517",1976,5,-0.251,-0.116,1976-05-01
"1518",1976,6,-0.172,-0.094,1976-06-01
"1519",1976,7,-0.053,-0.065,1976-07-01
"1520",1976,8,-0.142,-0.036,1976-08-01
"1521",1976,9,-0.025,-0.001,1976-09-01
"1522",1976,10,-0.19,0.03,1976-10-01
"1523",1976,11,-0.028,0.084,1976-11-01
"1524",1976,12,0.166,0.128,1976-12-01
"1525",1977,1,0.315,0.152,1977-01-01
"1526",1977,2,0.239,0.188,1977-02-01
"1527",1977,3,0.189,0.198,1977-03-01
"1528",1977,4,0.312,0.224,1977-04-01
"1529",1977,5,0.394,0.242,1977-05-01
"1530",1977,6,0.36,0.236,1977-06-01
"1531",1977,7,0.23,0.222,1977-07-01
"1532",1977,8,0.291,0.218,1977-08-01
"1533",1977,9,0.094,0.218,1977-09-01
"1534",1977,10,0.12,0.211,1977-10-01
"1535",1977,11,0.19,0.193,1977-11-01
"1536",1977,12,0.1,0.166,1977-12-01
"1537",1978,1,0.14,0.155,1978-01-01
"1538",1978,2,0.196,0.116,1978-02-01
"1539",1978,3,0.191,0.119,1978-03-01
"1540",1978,4,0.226,0.109,1978-04-01
"1541",1978,5,0.182,0.107,1978-05-01
"1542",1978,6,0.035,0.111,1978-06-01
"1543",1978,7,0.093,0.114,1978-07-01
"1544",1978,8,-0.175,0.092,1978-08-01
"1545",1978,9,0.124,0.092,1978-09-01
"1546",1978,10,0.008,0.094,1978-10-01
"1547",1978,11,0.158,0.085,1978-11-01
"1548",1978,12,0.15,0.091,1978-12-01
"1549",1979,1,0.181,0.086,1979-01-01
"1550",1979,2,-0.068,0.115,1979-02-01
"1551",1979,3,0.19,0.128,1979-03-01
"1552",1979,4,0.244,0.149,1979-04-01
"1553",1979,5,0.082,0.158,1979-05-01
"1554",1979,6,0.102,0.187,1979-06-01
"1555",1979,7,0.035,0.204,1979-07-01
"1556",1979,8,0.175,0.248,1979-08-01
"1557",1979,9,0.283,0.263,1979-09-01
"1558",1979,10,0.25,0.278,1979-10-01
"1559",1979,11,0.267,0.304,1979-11-01
"1560",1979,12,0.503,0.314,1979-12-01
"1561",1980,1,0.381,0.337,1980-01-01
"1562",1980,2,0.467,0.345,1980-02-01
"1563",1980,3,0.369,0.339,1980-03-01
"1564",1980,4,0.425,0.332,1980-04-01
"1565",1980,5,0.391,0.331,1980-05-01
"1566",1980,6,0.222,0.309,1980-06-01
"1567",1980,7,0.306,0.325,1980-07-01
"1568",1980,8,0.274,0.321,1980-08-01
"1569",1980,9,0.208,0.328,1980-09-01
"1570",1980,10,0.165,0.32,1980-10-01
"1571",1980,11,0.266,0.311,1980-11-01
"1572",1980,12,0.234,0.324,1980-12-01
"1573",1981,1,0.576,0.33,1981-01-01
"1574",1981,2,0.421,0.343,1981-02-01
"1575",1981,3,0.449,0.345,1981-03-01
"1576",1981,4,0.329,0.343,1981-04-01
"1577",1981,5,0.283,0.338,1981-05-01
"1578",1981,6,0.377,0.36,1981-06-01
"1579",1981,7,0.383,0.323,1981-07-01
"1580",1981,8,0.429,0.301,1981-08-01
"1581",1981,9,0.224,0.262,1981-09-01
"1582",1981,10,0.149,0.244,1981-10-01
"1583",1981,11,0.203,0.237,1981-11-01
"1584",1981,12,0.492,0.215,1981-12-01
"1585",1982,1,0.132,0.195,1982-01-01
"1586",1982,2,0.158,0.166,1982-02-01
"1587",1982,3,-0.012,0.159,1982-03-01
"1588",1982,4,0.108,0.158,1982-04-01
"1589",1982,5,0.202,0.149,1982-05-01
"1590",1982,6,0.115,0.144,1982-06-01
"1591",1982,7,0.138,0.174,1982-07-01
"1592",1982,8,0.084,0.198,1982-08-01
"1593",1982,9,0.144,0.23,1982-09-01
"1594",1982,10,0.133,0.25,1982-10-01
"1595",1982,11,0.094,0.266,1982-11-01
"1596",1982,12,0.436,0.276,1982-12-01
"1597",1983,1,0.489,0.279,1983-01-01
"1598",1983,2,0.445,0.302,1983-02-01
"1599",1983,3,0.368,0.325,1983-03-01
"1600",1983,4,0.35,0.328,1983-04-01
"1601",1983,5,0.392,0.342,1983-05-01
"1602",1983,6,0.241,0.325,1983-06-01
"1603",1983,7,0.173,0.309,1983-07-01
"1604",1983,8,0.365,0.283,1983-08-01
"1605",1983,9,0.415,0.277,1983-09-01
"1606",1983,10,0.169,0.262,1983-10-01
"1607",1983,11,0.263,0.262,1983-11-01
"1608",1983,12,0.235,0.25,1983-12-01
"1609",1984,1,0.289,0.24,1984-01-01
"1610",1984,2,0.141,0.223,1984-02-01
"1611",1984,3,0.289,0.207,1984-03-01
"1612",1984,4,0.177,0.202,1984-04-01
"1613",1984,5,0.39,0.179,1984-05-01
"1614",1984,6,0.098,0.157,1984-06-01
"1615",1984,7,0.052,0.157,1984-07-01
"1616",1984,8,0.156,0.149,1984-08-01
"1617",1984,9,0.226,0.139,1984-09-01
"1618",1984,10,0.112,0.139,1984-10-01
"1619",1984,11,-0.015,0.124,1984-11-01
"1620",1984,12,-0.03,0.131,1984-12-01
"1621",1985,1,0.288,0.126,1985-01-01
"1622",1985,2,0.04,0.13,1985-02-01
"1623",1985,3,0.175,0.124,1985-03-01
"1624",1985,4,0.174,0.126,1985-04-01
"1625",1985,5,0.214,0.133,1985-05-01
"1626",1985,6,0.183,0.154,1985-06-01
"1627",1985,7,-0.013,0.15,1985-07-01
"1628",1985,8,0.204,0.182,1985-08-01
"1629",1985,9,0.153,0.189,1985-09-01
"1630",1985,10,0.139,0.202,1985-10-01
"1631",1985,11,0.069,0.207,1985-11-01
"1632",1985,12,0.216,0.202,1985-12-01
"1633",1986,1,0.24,0.212,1986-01-01
"1634",1986,2,0.427,0.211,1986-02-01
"1635",1986,3,0.261,0.206,1986-03-01
"1636",1986,4,0.327,0.208,1986-04-01
"1637",1986,5,0.283,0.21,1986-05-01
"1638",1986,6,0.121,0.207,1986-06-01
"1639",1986,7,0.106,0.217,1986-07-01
"1640",1986,8,0.186,0.214,1986-08-01
"1641",1986,9,0.1,0.211,1986-09-01
"1642",1986,10,0.164,0.209,1986-10-01
"1643",1986,11,0.086,0.212,1986-11-01
"1644",1986,12,0.188,0.234,1986-12-01
"1645",1987,1,0.349,0.262,1987-01-01
"1646",1987,2,0.4,0.274,1987-02-01
"1647",1987,3,0.222,0.295,1987-03-01
"1648",1987,4,0.298,0.309,1987-04-01
"1649",1987,5,0.325,0.319,1987-05-01
"1650",1987,6,0.389,0.347,1987-06-01
"1651",1987,7,0.441,0.364,1987-07-01
"1652",1987,8,0.327,0.367,1987-08-01
"1653",1987,9,0.356,0.387,1987-09-01
"1654",1987,10,0.329,0.404,1987-10-01
"1655",1987,11,0.209,0.416,1987-11-01
"1656",1987,12,0.518,0.421,1987-12-01
"1657",1988,1,0.559,0.412,1988-01-01
"1658",1988,2,0.429,0.42,1988-02-01
"1659",1988,3,0.464,0.423,1988-03-01
"1660",1988,4,0.506,0.423,1988-04-01
"1661",1988,5,0.461,0.411,1988-05-01
"1662",1988,6,0.451,0.391,1988-06-01
"1663",1988,7,0.334,0.35,1988-07-01
"1664",1988,8,0.423,0.344,1988-08-01
"1665",1988,9,0.396,0.331,1988-09-01
"1666",1988,10,0.325,0.317,1988-10-01
"1667",1988,11,0.061,0.29,1988-11-01
"1668",1988,12,0.282,0.265,1988-12-01
"1669",1989,1,0.071,0.265,1989-01-01
"1670",1989,2,0.356,0.259,1989-02-01
"1671",1989,3,0.308,0.255,1989-03-01
"1672",1989,4,0.341,0.257,1989-04-01
"1673",1989,5,0.13,0.263,1989-05-01
"1674",1989,6,0.159,0.277,1989-06-01
"1675",1989,7,0.333,0.306,1989-07-01
"1676",1989,8,0.341,0.309,1989-08-01
"1677",1989,9,0.355,0.345,1989-09-01
"1678",1989,10,0.34,0.371,1989-10-01
"1679",1989,11,0.143,0.406,1989-11-01
"1680",1989,12,0.441,0.427,1989-12-01
"1681",1990,1,0.423,0.438,1990-01-01
"1682",1990,2,0.394,0.439,1990-02-01
"1683",1990,3,0.737,0.435,1990-03-01
"1684",1990,4,0.65,0.444,1990-04-01
"1685",1990,5,0.556,0.465,1990-05-01
"1686",1990,6,0.41,0.464,1990-06-01
"1687",1990,7,0.467,0.466,1990-07-01
"1688",1990,8,0.349,0.477,1990-08-01
"1689",1990,9,0.316,0.447,1990-09-01
"1690",1990,10,0.444,0.443,1990-10-01
"1691",1990,11,0.394,0.435,1990-11-01
"1692",1990,12,0.433,0.446,1990-12-01
"1693",1991,1,0.444,0.45,1991-01-01
"1694",1991,2,0.523,0.459,1991-02-01
"1695",1991,3,0.381,0.47,1991-03-01
"1696",1991,4,0.603,0.463,1991-04-01
"1697",1991,5,0.451,0.455,1991-05-01
"1698",1991,6,0.548,0.452,1991-06-01
"1699",1991,7,0.516,0.457,1991-07-01
"1700",1991,8,0.45,0.45,1991-08-01
"1701",1991,9,0.456,0.457,1991-09-01
"1702",1991,10,0.353,0.436,1991-10-01
"1703",1991,11,0.302,0.427,1991-11-01
"1704",1991,12,0.396,0.405,1991-12-01
"1705",1992,1,0.502,0.372,1992-01-01
"1706",1992,2,0.446,0.344,1992-02-01
"1707",1992,3,0.465,0.304,1992-03-01
"1708",1992,4,0.342,0.279,1992-04-01
"1709",1992,5,0.344,0.255,1992-05-01
"1710",1992,6,0.286,0.243,1992-06-01
"1711",1992,7,0.124,0.235,1992-07-01
"1712",1992,8,0.118,0.234,1992-08-01
"1713",1992,9,-0.025,0.227,1992-09-01
"1714",1992,10,0.054,0.229,1992-10-01
"1715",1992,11,0.007,0.23,1992-11-01
"1716",1992,12,0.259,0.233,1992-12-01
"1717",1993,1,0.405,0.246,1993-01-01
"1718",1993,2,0.431,0.253,1993-02-01
"1719",1993,3,0.381,0.273,1993-03-01
"1720",1993,4,0.368,0.293,1993-04-01
"1721",1993,5,0.358,0.302,1993-05-01
"1722",1993,6,0.311,0.301,1993-06-01
"1723",1993,7,0.281,0.292,1993-07-01
"1724",1993,8,0.208,0.265,1993-08-01
"1725",1993,9,0.209,0.264,1993-09-01
"1726",1993,10,0.293,0.271,1993-10-01
"1727",1993,11,0.119,0.272,1993-11-01
"1728",1993,12,0.243,0.283,1993-12-01
"1729",1994,1,0.305,0.284,1994-01-01
"1730",1994,2,0.107,0.287,1994-02-01
"1731",1994,3,0.368,0.299,1994-03-01
"1732",1994,4,0.452,0.312,1994-04-01
"1733",1994,5,0.365,0.338,1994-05-01
"1734",1994,6,0.45,0.35,1994-06-01
"1735",1994,7,0.292,0.369,1994-07-01
"1736",1994,8,0.246,0.425,1994-08-01
"1737",1994,9,0.348,0.434,1994-09-01
"1738",1994,10,0.453,0.446,1994-10-01
"1739",1994,11,0.424,0.448,1994-11-01
"1740",1994,12,0.396,0.452,1994-12-01
"1741",1995,1,0.533,0.473,1995-01-01
"1742",1995,2,0.777,0.497,1995-02-01
"1743",1995,3,0.478,0.503,1995-03-01
"1744",1995,4,0.585,0.508,1995-04-01
"1745",1995,5,0.39,0.512,1995-05-01
"1746",1995,6,0.508,0.508,1995-06-01
"1747",1995,7,0.539,0.491,1995-07-01
"1748",1995,8,0.539,0.475,1995-08-01
"1749",1995,9,0.414,0.473,1995-09-01
"1750",1995,10,0.519,0.463,1995-10-01
"1751",1995,11,0.464,0.458,1995-11-01
"1752",1995,12,0.346,0.439,1995-12-01
"1753",1996,1,0.337,0.425,1996-01-01
"1754",1996,2,0.587,0.424,1996-02-01
"1755",1996,3,0.449,0.415,1996-03-01
"1756",1996,4,0.463,0.389,1996-04-01
"1757",1996,5,0.332,0.386,1996-05-01
"1758",1996,6,0.282,0.398,1996-06-01
"1759",1996,7,0.367,0.4,1996-07-01
"1760",1996,8,0.529,0.387,1996-08-01
"1761",1996,9,0.299,0.396,1996-09-01
"1762",1996,10,0.213,0.399,1996-10-01
"1763",1996,11,0.428,0.409,1996-11-01
"1764",1996,12,0.483,0.438,1996-12-01
"1765",1997,1,0.373,0.441,1997-01-01
"1766",1997,2,0.428,0.435,1997-02-01
"1767",1997,3,0.556,0.458,1997-03-01
"1768",1997,4,0.502,0.499,1997-04-01
"1769",1997,5,0.45,0.522,1997-05-01
"1770",1997,6,0.622,0.537,1997-06-01
"1771",1997,7,0.403,0.561,1997-07-01
"1772",1997,8,0.46,0.599,1997-08-01
"1773",1997,9,0.578,0.61,1997-09-01
"1774",1997,10,0.703,0.635,1997-10-01
"1775",1997,11,0.707,0.663,1997-11-01
"1776",1997,12,0.665,0.677,1997-12-01
"1777",1998,1,0.658,0.704,1998-01-01
"1778",1998,2,0.888,0.729,1998-02-01
"1779",1998,3,0.684,0.724,1998-03-01
"1780",1998,4,0.808,0.706,1998-04-01
"1781",1998,5,0.776,0.688,1998-05-01
"1782",1998,6,0.796,0.688,1998-06-01
"1783",1998,7,0.728,0.676,1998-07-01
"1784",1998,8,0.763,0.659,1998-08-01
"1785",1998,9,0.509,0.635,1998-09-01
"1786",1998,10,0.495,0.603,1998-10-01
"1787",1998,11,0.486,0.568,1998-11-01
"1788",1998,12,0.663,0.538,1998-12-01
"1789",1999,1,0.511,0.511,1999-01-01
"1790",1999,2,0.695,0.478,1999-02-01
"1791",1999,3,0.389,0.476,1999-03-01
"1792",1999,4,0.421,0.468,1999-04-01
"1793",1999,5,0.358,0.46,1999-05-01
"1794",1999,6,0.444,0.446,1999-06-01
"1795",1999,7,0.397,0.432,1999-07-01
"1796",1999,8,0.372,0.423,1999-08-01
"1797",1999,9,0.476,0.438,1999-09-01
"1798",1999,10,0.403,0.457,1999-10-01
"1799",1999,11,0.395,0.463,1999-11-01
"1800",1999,12,0.493,0.464,1999-12-01
"1801",2000,1,0.337,0.463,2000-01-01
"1802",2000,2,0.597,0.473,2000-02-01
"1803",2000,3,0.57,0.473,2000-03-01
"1804",2000,4,0.648,0.463,2000-04-01
"1805",2000,5,0.424,0.458,2000-05-01
"1806",2000,6,0.453,0.447,2000-06-01
"1807",2000,7,0.391,0.462,2000-07-01
"1808",2000,8,0.492,0.454,2000-08-01
"1809",2000,9,0.469,0.458,2000-09-01
"1810",2000,10,0.285,0.455,2000-10-01
"1811",2000,11,0.34,0.471,2000-11-01
"1812",2000,12,0.357,0.48,2000-12-01
"1813",2001,1,0.518,0.496,2001-01-01
"1814",2001,2,0.503,0.496,2001-02-01
"1815",2001,3,0.61,0.504,2001-03-01
"1816",2001,4,0.618,0.523,2001-04-01
"1817",2001,5,0.612,0.554,2001-05-01
"1818",2001,6,0.569,0.581,2001-06-01
"1819",2001,7,0.581,0.603,2001-07-01
"1820",2001,8,0.492,0.622,2001-08-01
"1821",2001,9,0.561,0.649,2001-09-01
"1822",2001,10,0.517,0.656,2001-10-01
"1823",2001,11,0.712,0.663,2001-11-01
"1824",2001,12,0.68,0.664,2001-12-01
"1825",2002,1,0.776,0.666,2002-01-01
"1826",2002,2,0.731,0.673,2002-02-01
"1827",2002,3,0.943,0.684,2002-03-01
"1828",2002,4,0.695,0.693,2002-04-01
"1829",2002,5,0.702,0.683,2002-05-01
"1830",2002,6,0.577,0.675,2002-06-01
"1831",2002,7,0.606,0.677,2002-07-01
"1832",2002,8,0.576,0.668,2002-08-01
"1833",2002,9,0.697,0.639,2002-09-01
"1834",2002,10,0.622,0.634,2002-10-01
"1835",2002,11,0.587,0.632,2002-11-01
"1836",2002,12,0.582,0.626,2002-12-01
"1837",2003,1,0.809,0.623,2003-01-01
"1838",2003,2,0.616,0.631,2003-02-01
"1839",2003,3,0.597,0.632,2003-03-01
"1840",2003,4,0.643,0.642,2003-04-01
"1841",2003,5,0.675,0.639,2003-05-01
"1842",2003,6,0.504,0.657,2003-06-01
"1843",2003,7,0.571,0.644,2003-07-01
"1844",2003,8,0.671,0.654,2003-08-01
"1845",2003,9,0.703,0.658,2003-09-01
"1846",2003,10,0.753,0.663,2003-10-01
"1847",2003,11,0.542,0.643,2003-11-01
"1848",2003,12,0.799,0.639,2003-12-01
"1849",2004,1,0.654,0.613,2004-01-01
"1850",2004,2,0.737,0.597,2004-02-01
"1851",2004,3,0.639,0.585,2004-03-01
"1852",2004,4,0.708,0.576,2004-04-01
"1853",2004,5,0.44,0.589,2004-05-01
"1854",2004,6,0.447,0.569,2004-06-01
"1855",2004,7,0.258,0.581,2004-07-01
"1856",2004,8,0.48,0.577,2004-08-01
"1857",2004,9,0.562,0.589,2004-09-01
"1858",2004,10,0.64,0.594,2004-10-01
"1859",2004,11,0.705,0.617,2004-11-01
"1860",2004,12,0.558,0.638,2004-12-01
"1861",2005,1,0.797,0.668,2005-01-01
"1862",2005,2,0.686,0.683,2005-02-01
"1863",2005,3,0.787,0.699,2005-03-01
"1864",2005,4,0.77,0.715,2005-04-01
"1865",2005,5,0.712,0.717,2005-05-01
"1866",2005,6,0.706,0.736,2005-06-01
"1867",2005,7,0.616,0.723,2005-07-01
"1868",2005,8,0.652,0.735,2005-08-01
"1869",2005,9,0.758,0.728,2005-09-01
"1870",2005,10,0.83,0.716,2005-10-01
"1871",2005,11,0.735,0.704,2005-11-01
"1872",2005,12,0.778,0.703,2005-12-01
"1873",2006,1,0.649,0.691,2006-01-01
"1874",2006,2,0.832,0.7,2006-02-01
"1875",2006,3,0.704,0.691,2006-03-01
"1876",2006,4,0.622,0.682,2006-04-01
"1877",2006,5,0.57,0.68,2006-05-01
"1878",2006,6,0.685,0.686,2006-06-01
"1879",2006,7,0.479,0.714,2006-07-01
"1880",2006,8,0.757,0.709,2006-08-01
"1881",2006,9,0.657,0.709,2006-09-01
"1882",2006,10,0.715,0.731,2006-10-01
"1883",2006,11,0.711,0.744,2006-11-01
"1884",2006,12,0.848,0.739,2006-12-01
"1885",2007,1,0.994,0.753,2007-01-01
"1886",2007,2,0.772,0.744,2007-02-01
"1887",2007,3,0.7,0.741,2007-03-01
"1888",2007,4,0.882,0.735,2007-04-01
"1889",2007,5,0.723,0.726,2007-05-01
"1890",2007,6,0.626,0.699,2007-06-01
"1891",2007,7,0.649,0.643,2007-07-01
"1892",2007,8,0.648,0.609,2007-08-01
"1893",2007,9,0.623,0.609,2007-09-01
"1894",2007,10,0.647,0.586,2007-10-01
"1895",2007,11,0.601,0.573,2007-11-01
"1896",2007,12,0.525,0.565,2007-12-01
"1897",2008,1,0.316,0.56,2008-01-01
"1898",2008,2,0.372,0.547,2008-02-01
"1899",2008,3,0.69,0.553,2008-03-01
"1900",2008,4,0.607,0.559,2008-04-01
"1901",2008,5,0.577,0.566,2008-05-01
"1902",2008,6,0.524,0.573,2008-06-01
"1903",2008,7,0.586,0.606,2008-07-01
"1904",2008,8,0.499,0.625,2008-08-01
"1905",2008,9,0.692,0.611,2008-09-01
"1906",2008,10,0.723,0.616,2008-10-01
"1907",2008,11,0.679,0.624,2008-11-01
"1908",2008,12,0.604,0.639,2008-12-01
"1909",2009,1,0.719,0.656,2009-01-01
"1910",2009,2,0.596,0.677,2009-02-01
"1911",2009,3,0.526,0.682,2009-03-01
"1912",2009,4,0.663,0.683,2009-04-01
"1913",2009,5,0.676,0.692,2009-05-01
"1914",2009,6,0.703,0.707,2009-06-01
"1915",2009,7,0.787,0.717,2009-07-01
"1916",2009,8,0.75,0.744,2009-08-01
"1917",2009,9,0.755,0.778,2009-09-01
"1918",2009,10,0.732,0.805,2009-10-01
"1919",2009,11,0.793,0.817,2009-11-01
"1920",2009,12,0.79,0.816,2009-12-01
"1921",2010,1,0.834,0.802,2010-01-01
"1922",2010,2,0.915,0.798,2010-02-01
"1923",2010,3,0.933,0.793,2010-03-01
"1924",2010,4,0.989,0.795,2010-04-01
"1925",2010,5,0.821,0.794,2010-05-01
"1926",2010,6,0.698,0.776,2010-06-01
"1927",2010,7,0.614,0.758,2010-07-01
"1928",2010,8,0.704,0.73,2010-08-01
"1929",2010,9,0.692,0.71,2010-09-01
"1930",2010,10,0.755,0.688,2010-10-01
"1931",2010,11,0.785,0.669,2010-11-01
"1932",2010,12,0.574,0.668,2010-12-01
"1933",2011,1,0.614,0.683,2011-01-01
"1934",2011,2,0.577,0.692,2011-02-01
"1935",2011,3,0.701,0.685,2011-03-01
"1936",2011,4,0.724,0.679,2011-04-01
"1937",2011,5,0.593,0.661,2011-05-01
"1938",2011,6,0.686,0.667,2011-06-01
"1939",2011,7,0.788,0.656,2011-07-01
"1940",2011,8,0.819,0.652,2011-08-01
"1941",2011,9,0.608,0.637,2011-09-01
"1942",2011,10,0.678,0.642,2011-10-01
"1943",2011,11,0.569,0.661,2011-11-01
"1944",2011,12,0.645,0.663,2011-12-01
"1945",2012,1,0.483,0.644,2012-01-01
"1946",2012,2,0.533,0.639,2012-02-01
"1947",2012,3,0.522,0.654,2012-03-01
"1948",2012,4,0.778,0.668,2012-04-01
"1949",2012,5,0.825,0.689,2012-05-01
"1950",2012,6,0.701,0.686,2012-06-01
"1951",2012,7,0.57,0.707,2012-07-01
"1952",2012,8,0.751,0.714,2012-08-01
"1953",2012,9,0.787,0.727,2012-09-01
"1954",2012,10,0.856,0.716,2012-10-01
"1955",2012,11,0.812,0.704,2012-11-01
"1956",2012,12,0.611,0.703,2012-12-01
"1957",2013,1,0.741,0.704,2013-01-01
"1958",2013,2,0.612,0.703,2013-02-01
"1959",2013,3,0.682,0.704,2013-03-01
"1960",2013,4,0.641,0.692,2013-04-01
"1961",2013,5,0.682,0.694,2013-05-01
"1962",2013,6,0.685,0.705,2013-06-01
"1963",2013,7,0.591,0.709,2013-07-01
"1964",2013,8,0.735,0.707,2013-08-01
"1965",2013,9,0.803,0.716,2013-09-01
"1966",2013,10,0.708,0.734,2013-10-01
"1967",2013,11,0.843,0.753,2013-11-01
"1968",2013,12,0.741,0.753,2013-12-01
"1969",2014,1,0.79,0.752,2014-01-01
"1970",2014,2,0.584,0.766,2014-02-01
"1971",2014,3,0.784,0.775,2014-03-01
"1972",2014,4,0.864,0.788,2014-04-01
"1973",2014,5,0.905,0.77,2014-05-01
"1974",2014,6,0.685,0.776,2014-06-01
"1975",2014,7,0.584,0.782,2014-07-01
"1976",2014,8,0.896,0.808,2014-08-01
"1977",2014,9,0.917,0.818,2014-09-01
"1978",2014,10,0.858,0.818,2014-10-01
"1979",2014,11,0.632,0.815,2014-11-01
"1980",2014,12,0.813,0.827,2014-12-01
"1981",2015,1,0.862,0.84,2015-01-01
"1982",2015,2,0.894,0.838,2015-02-01
"1983",2015,3,0.909,0.836,2015-03-01
"1984",2015,4,0.863,0.856,2015-04-01
"1985",2015,5,0.867,0.889,2015-05-01
"1986",2015,6,0.828,0.92,2015-06-01
"1987",2015,7,0.738,0.953,2015-07-01
"1988",2015,8,0.873,0.989,2015-08-01
"1989",2015,9,0.899,1.024,2015-09-01
"1990",2015,10,1.096,1.05,2015-10-01
"1991",2015,11,1.024,1.066,2015-11-01
"1992",2015,12,1.19,1.067,2015-12-01
"1993",2016,1,1.255,1.075,2016-01-01
"1994",2016,2,1.33,1.089,2016-02-01
"1995",2016,3,1.323,1.092,2016-03-01
"1996",2016,4,1.178,1.081,2016-04-01
"1997",2016,5,1.053,1.075,2016-05-01
"1998",2016,6,0.839,1.058,2016-06-01
"1999",2016,7,0.842,1.044,2016-07-01
"2000",2016,8,1.042,1.031,2016-08-01
"2001",2016,9,0.928,1.022,2016-09-01
"2002",2016,10,0.963,1.011,2016-10-01
"2003",2016,11,0.962,1.006,2016-11-01
"2004",2016,12,0.975,0.997,2016-12-01
"2005",2017,1,1.09,0.995,2017-01-01
"2006",2017,2,1.176,0.983,2017-02-01
"2007",2017,3,1.218,0.972,2017-03-01
"2008",2017,4,1.047,0.969,2017-04-01
"2009",2017,5,0.988,0.96,2017-05-01
"2010",2017,6,0.735,0.961,2017-06-01
"2011",2017,7,0.816,0.943,2017-07-01
"2012",2017,8,0.904,0.922,2017-08-01
"2013",2017,9,0.788,0.897,2017-09-01
"2014",2017,10,0.925,0.892,2017-10-01
"2015",2017,11,0.855,0.881,2017-11-01
"2016",2017,12,0.993,0.887,2017-12-01
"2017",2018,1,0.874,0.887,2018-01-01
"2018",2018,2,0.919,0.881,2018-02-01
"2019",2018,3,0.925,0.883,2018-03-01
"2020",2018,4,0.989,0.89,2018-04-01
"2021",2018,5,0.854,0.887,2018-05-01
"2022",2018,6,0.806,0.885,2018-06-01
"2023",2018,7,0.809,0.892,2018-07-01
"2024",2018,8,0.83,0.897,2018-08-01
"2025",2018,9,0.812,0.922,2018-09-01
"2026",2018,10,1.011,0.932,2018-10-01
"2027",2018,11,0.82,0.939,2018-11-01
"2028",2018,12,0.977,0.946,2018-12-01
"2029",2019,1,0.95,0.957,2019-01-01
"2030",2019,2,0.986,0.972,2019-02-01
"2031",2019,3,1.215,0.983,2019-03-01
"2032",2019,4,1.116,0.992,2019-04-01
"2033",2019,5,0.932,1.008,2019-05-01
"2034",2019,6,0.889,1.023,2019-06-01
"2035",2019,7,0.953,1.043,2019-07-01
"2036",2019,8,1.004,1.063,2019-08-01
"2037",2019,9,0.949,1.059,2019-09-01
"2038",2019,10,1.112,1.069,2019-10-01
"2039",2019,11,1.009,1.079,2019-11-01
"2040",2019,12,1.157,1.082,2019-12-01
"2041",2020,1,1.197,1.08,2020-01-01
"2042",2020,2,1.222,1.077,2020-02-01
"2043",2020,3,1.174,1.082,2020-03-01
"2044",2020,4,1.233,1.067,2020-04-01
"2045",2020,5,1.048,1.074,2020-05-01
"2046",2020,6,0.925,1.049,2020-06-01
"2047",2020,7,0.934,1.023,2020-07-01
"2048",2020,8,0.959,0.979,2020-08-01
"2049",2020,9,1.015,0.953,2020-09-01
"2050",2020,10,0.93,0.924,2020-10-01
"2051",2020,11,1.088,0.91,2020-11-01
"2052",2020,12,0.861,0.903,2020-12-01
"2053",2021,1,0.888,0.901,2021-01-01
"2054",2021,2,0.691,0.897,2021-02-01
"2055",2021,3,0.866,0.895,2021-03-01
"2056",2021,4,0.883,0.906,2021-04-01
"2057",2021,5,0.874,0.893,2021-05-01
"2058",2021,6,0.845,0.895,2021-06-01
"2059",2021,7,0.909,0.899,2021-07-01
"2060",2021,8,0.909,0.916,2021-08-01
"2061",2021,9,0.995,0.933,2021-09-01
"2062",2021,10,1.061,0.937,2021-10-01
"2063",2021,11,0.931,0.939,2021-11-01
"2064",2021,12,0.887,0.949,2021-12-01
"2065",2022,1,0.941,0.951,2022-01-01
"2066",2022,2,0.885,0.957,2022-02-01
"2067",2022,3,1.077,0.952,2022-03-01
"2068",2022,4,0.931,0.95,2022-04-01
"2069",2022,5,0.894,0.933,2022-05-01
"2070",2022,6,0.971,0.937,2022-06-01
"2071",2022,7,0.936,0.935,2022-07-01
"2072",2022,8,0.981,0.943,2022-08-01
"2073",2022,9,0.924,0.958,2022-09-01
"2074",2022,10,1.04,0.973,2022-10-01
"2075",2022,11,0.726,0.984,2022-11-01
"2076",2022,12,0.936,0.998,2022-12-01
"2077",2023,1,0.916,1.025,2023-01-01
"2078",2023,2,0.979,1.058,2023-02-01
"2079",2023,3,1.265,1.058,2023-03-01
"2080",2023,4,1.105,1.058,2023-04-01
"2081",2023,5,1.024,1.058,2023-05-01
"2082",2023,6,1.142,1.058,2023-06-01
"2083",2023,7,1.264,1.058,2023-07-01
"2084",2023,8,1.37,1.058,2023-08-01
